<component size="422,750">
  <displayList>
    <graph id="n3_kwth" name="n3" xy="0,0" size="422,750" type="rect" lineSize="0" fillColor="#94000000">
      <relation target="" sidePair="width-width,height-height"/>
    </graph>
    <image id="n0_kwth" name="n0" src="92iod" xy="11,84" size="501,746" scale="0.8,0.8"/>
    <text id="n2_kwth" name="n2" xy="32,104" size="363,371" font="微软雅黑 Light" fontSize="20" color="#663300" autoSize="none" bold="true" strokeColor="#ffffff" text="1.使用地图里面的塔基建造防御塔来阻止敌人通过。&#xA;&#xA;2.每击败1个敌人都将获得一定钱币，钱币可以用来升级和建造防御塔。&#xA;&#xA;3.通关后可以获得金币，金币可以在商店购买高级塔升级，这样在地图里面就可以升级高级塔。&#xA;&#xA;4.通过地图不同的难度可以获得相应的星星，星星可以在天赋里面激活相应的增强天赋。"/>
    <image id="n4_zeqh" name="n4" src="92iof" xy="61,592" scale="0.8,0.8"/>
    <image id="n5_zeqh" name="n5" src="92iog" xy="59,623" scale="0.7,0.78"/>
    <image id="n6_zeqh" name="n6" src="92ioh" xy="61,478" scale="0.8,0.8"/>
    <image id="n7_zeqh" name="n7" src="92ioi" xy="61,552"/>
    <image id="n8_zeqh" name="n8" src="92ioj" xy="61,512"/>
    <text id="n10_zeqh" name="n10" xy="102,477" size="276,31" font="微软雅黑 Light" fontSize="20" color="#663300" autoSize="none" bold="true" strokeColor="#ffffff" text="主城血量"/>
    <text id="n11_zeqh" name="n11" xy="102,514" size="276,31" font="微软雅黑 Light" fontSize="20" color="#663300" autoSize="none" bold="true" strokeColor="#ffffff" text="敌人的波次"/>
    <text id="n12_zeqh" name="n12" xy="102,553" size="276,31" font="微软雅黑 Light" fontSize="20" color="#663300" autoSize="none" bold="true" strokeColor="#ffffff" text="关卡里面的钱币，不保存"/>
    <text id="n13_zeqh" name="n13" xy="102,591" size="276,31" font="微软雅黑 Light" fontSize="20" color="#663300" autoSize="none" bold="true" strokeColor="#ffffff" text="通关后的金币，保存"/>
    <text id="n14_zeqh" name="n14" xy="102,628" size="276,31" font="微软雅黑 Light" fontSize="20" color="#663300" autoSize="none" bold="true" strokeColor="#ffffff" text="通关各种难度后获得的星星"/>
    <text id="n15_92io" name="n15" xy="133,691" size="165,24" font="微软雅黑" fontSize="14" color="#ff0000" align="center" autoSize="none" strokeColor="#ffffff" text="点击任意处关闭"/>
  </displayList>
  <transition name="t0" autoPlay="true" autoPlayRepeat="-1">
    <item time="0" type="Alpha" target="n15_92io" tween="true" startValue="1" endValue="0" duration="24"/>
    <item time="24" type="Alpha" target="n15_92io" tween="true" startValue="0" endValue="1" duration="24"/>
  </transition>
</component>