<component size="422,750" adaptationTest="FitSize">
  <displayList>
    <image id="n4_uy7p" name="n4" src="okx45" xy="0,0" size="422,750"/>
    <component id="n2_z4ak" name="n2" src="okx47" xy="48,569" scale="0.4,0.4">
      <relation target="" sidePair="center-center,top-top%"/>
      <ProgressBar value="1" max="100"/>
    </component>
    <image id="n3_okx4" name="n3" src="okx44" xy="111,155">
      <relation target="" sidePair="center-center,top-top%"/>
    </image>
    <text id="n5_uy7p" name="n5" xy="181,588" size="74,19" fontSize="12" color="#ffffff" strokeColor="#000000" text="资源加载中...">
      <relation target="n2_z4ak" sidePair="top-bottom,center-center"/>
    </text>
  </displayList>
</component>