<component size="422,750" adaptationTest="FitSize">
  <displayList>
    <image id="n12_okx4" name="n12" src="okx45" xy="0,0" size="422,750">
      <relation target="" sidePair="width-width,height-height"/>
    </image>
    <component id="n4_ycfw" name="btnstart" src="okx42" xy="97,416" pivot="0.5,0.5" size="234,72">
      <relation target="" sidePair="top-top%,center-center"/>
    </component>
    <component id="n6_ycfw" name="btninfo" src="okx42" xy="97,506" pivot="0.5,0.5" size="234,72" filter="color" filterData="0.00,0.00,0.00,0.32">
      <relation target="" sidePair="top-top%,center-center"/>
      <Button title="玩法说明"/>
    </component>
    <text id="n7_ycfw" name="n7" xy="277,6" size="139,25" font="微软雅黑 Light" fontSize="16" color="#ffff00" align="right" autoSize="none" strokeColor="#000000" text="版本号：1.1">
      <relation target="" sidePair="right-right"/>
    </text>
    <image id="n5_ycfw" name="n5" src="okx44" xy="179,643" group="n10_qfqa" scale="0.3,0.3"/>
    <text id="n9_ycfw" name="n9" xy="30,719" size="361,25" group="n10_qfqa" font="微软雅黑 Light" fontSize="16" color="#ffffff" align="center" autoSize="none" strokeColor="#000000" text="盐城传动力网络        BGM：魔王魂"/>
    <group id="n10_qfqa" name="n10" xy="30,643" size="361,241" advanced="true">
      <relation target="" sidePair="top-top%,center-center"/>
    </group>
    <loader id="n13_lc8t" name="n13" xy="17,102" size="490,206" scale="0.8,0.8" url="https://ys2.yccdlwl.com/images/LOGO.png" autoSize="true"/>
    <graph id="n15_fckt" name="n15" xy="-19,48" size="458,46" type="rect" lineSize="0" fillColor="#61000000"/>
    <text id="n14_fckt" name="n14" xy="4,57" size="422,31" fontSize="20" color="#ffffff" align="center" autoSize="none" shadowColor="#000000" shadowOffset="1,1" text="当前全球有00000000大神正在玩！"/>
  </displayList>
</component>