<component size="832,45" extention="ProgressBar">
  <displayList>
    <image id="n1" name="n1" src="okx48" xy="0,-1" size="832,45">
      <relation target="" sidePair="width-width,height-height"/>
    </image>
    <image id="n2" name="bar" src="okx49" xy="5,3" size="823,40"/>
    <image id="n4_z4ak" name="n4" src="okx4a" xy="-9,-7"/>
    <text id="n3" name="title" xy="0,2" size="832,45" font="微软雅黑" fontSize="30" color="#ffffff" align="center" vAlign="middle" autoSize="none" shadowColor="#000000" shadowOffset="1,1" text="100%">
      <relation target="" sidePair="width-width,height-height"/>
    </text>
  </displayList>
  <ProgressBar/>
</component>