<component size="163,63" extention="Button">
  <controller name="button" pages="0,up,1,down,2,over,3,selectedOver" selected="3"/>
  <displayList>
    <image id="n1" name="n1" src="okx43" xy="4,1">
      <gearDisplay controller="button" pages="0,2"/>
      <relation target="" sidePair="width-width,height-height"/>
    </image>
    <image id="n2" name="n2" src="okx43" xy="4,1" pivot="0.5,0.5" scale="1.1,1.1">
      <gearDisplay controller="button" pages="1,3"/>
      <relation target="" sidePair="width-width,height-height"/>
    </image>
    <text id="n3_ycfw" name="title" xy="11,4" size="144,51" font="微软雅黑" fontSize="30" color="#ffffff" align="center" vAlign="middle" letterSpacing="2" autoSize="none" shadowColor="#000000" shadowOffset="1,1" text="开始游戏">
      <gearXY controller="button" pages="0,1,2,3" values="13,5|5,2|13,5|11,4"/>
      <gearSize controller="button" pages="1" values="144,51,1.1,1.1" default="144,51,1,1"/>
      <relation target="" sidePair="center-center%,middle-middle%"/>
    </text>
  </displayList>
  <Button/>
</component>