<component size="422,750">
  <controller name="c1" pages="0,,1," selected="0"/>
  <displayList>
    <graph id="n108_ficz" name="n108" xy="0,0" size="422,750" type="rect" lineSize="0" fillColor="#94000000">
      <relation target="" sidePair="width-width,height-height"/>
    </graph>
    <image id="n107_ficz" name="n107" src="ficz2v" xy="11,204" size="501,327" scale="0.8,0.8"/>
    <component id="n111_ficz" name="b1" src="okx42" pkg="lk73k1zm" xy="56,351" pivot="0.5,0.5" size="139,72" filter="color" filterData="0.00,0.00,0.00,-0.99">
      <gearLook controller="c1" pages="1" values="1,0,1,0" default="1,0,0,1"/>
      <Button title="是"/>
    </component>
    <text id="n112_ficz" name="n112" xy="26,248" size="373,108" font="微软雅黑 Light" fontSize="20" color="#663300" align="center" autoSize="none" bold="true" strokeColor="#ffffff" text="你要浏览免费广告吗？这将可以帮你领取1次免费金币，每天可以领取10次！"/>
    <component id="n113_ficz" name="b2" src="okx42" pkg="lk73k1zm" xy="229,351" pivot="0.5,0.5" size="139,72">
      <Button title="不"/>
    </component>
  </displayList>
</component>