<movieclip interval="66" frameCount="15">
  <frames>
    <frame rect="28,31,123,120"/>
    <frame rect="28,12,126,140"/>
    <frame rect="28,4,125,152"/>
    <frame rect="28,11,124,142"/>
    <frame rect="27,28,124,124"/>
    <frame rect="25,28,128,126"/>
    <frame rect="22,28,131,126"/>
    <frame rect="24,27,126,124"/>
    <frame rect="23,26,126,131"/>
    <frame rect="23,24,125,148"/>
    <frame rect="23,25,125,148"/>
    <frame rect="26,26,123,125"/>
    <frame rect="14,25,136,126"/>
    <frame rect="23,25,131,125"/>
    <frame rect="25,25,127,125"/>
  </frames>
</movieclip>