<component size="343,239">
  <displayList>
    <image id="n29_gkuz" name="n29" src="z4akg" xy="0,0" size="343,239"/>
    <component id="n30_gkuz" name="btnstart" src="okx42" pkg="lk73k1zm" xy="31,106" pivot="0.5,0.5" size="139,72" filter="color" filterData="0.00,0.00,0.00,-0.99">
      <relation target="" sidePair="top-top%,center-center"/>
      <Button title="是"/>
    </component>
    <text id="n33_gkuz" name="n33" xy="39,31" size="276,43" font="微软雅黑 Light" fontSize="28" color="#663300" align="center" autoSize="none" bold="true" strokeColor="#ffffff" text="要退出吗？"/>
    <component id="n34_gkuz" name="btnstart" src="okx42" pkg="lk73k1zm" xy="174,106" pivot="0.5,0.5" size="139,72">
      <relation target="" sidePair="top-top%,center-center"/>
      <Button title="不"/>
    </component>
  </displayList>
</component>