<component size="422,750">
  <displayList>
    <graph id="n0_gsdv" name="n0" xy="0,0" size="422,750" type="rect" lineSize="0" fillColor="#94000000">
      <relation target="" sidePair="width-width%,height-height%"/>
    </graph>
    <image id="n1_gsdv" name="n1" src="z4akg" xy="5,52" size="412,656"/>
    <component id="n2_gsdv" name="n2" src="z4akk" xy="362,34"/>
    <image id="n4_gsdv" name="n4" src="ficz32" xy="166,88"/>
    <text id="n5_gsdv" name="n5" xy="255,87" size="131,35" font="微软雅黑" fontSize="24" color="#ffff00" letterSpacing="3" autoSize="none" bold="true" strokeColor="#660000" text="1000"/>
    <image id="n6_gsdv" name="n6" src="gsdvt3w" xy="28,65"/>
    <text id="n12_gsdv" name="n12" xy="92,123" size="140,35" font="微软雅黑" fontSize="24" color="#ffffff" align="center" letterSpacing="3" autoSize="height" bold="true" strokeColor="#333333" text="玩家"/>
    <text id="n13_gsdv" name="n13" xy="237,123" size="149,35" font="微软雅黑" fontSize="24" color="#ffffff" align="center" letterSpacing="3" autoSize="height" bold="true" strokeColor="#333333" text="分数"/>
    <list id="n16_gsdv" name="n16" xy="33,158" size="357,523" overflow="scroll" defaultItem="ui://y1w8mpywgsdvt3x">
      <item/>
      <item/>
      <item/>
      <item/>
      <item/>
      <item/>
      <item/>
      <item/>
      <item/>
    </list>
  </displayList>
</component>