<component size="59,59" extention="Button">
  <controller name="button" pages="0,up,1,down,2,over,3,selectedOver" selected="0"/>
  <displayList>
    <component id="n1" name="n1" src="helg12" xy="0,0">
      <gearDisplay controller="button" pages="0,2"/>
      <relation target="" sidePair="width-width,height-height"/>
    </component>
    <component id="n2" name="n2" src="helg12" xy="-2,-3" scale="1.1,1.1" filter="color" filterData="0.18,0.00,0.00,0.00">
      <gearDisplay controller="button" pages="1,3"/>
      <relation target="" sidePair="width-width,height-height"/>
    </component>
  </displayList>
  <Button/>
</component>