<component size="162,146" pivot="0.5,0.6" anchor="true">
  <controller name="c1" pages="0,点荒地,1,点塔" selected="0"/>
  <controller name="c2" pages="4,,0,战士,1,游侠,2,刺客,3,法师" selected="0"/>
  <displayList>
    <image id="n21_hi9w" name="n21" src="hi9w17" xy="21,11" size="120,120"/>
    <component id="n22_hi9w" name="n22" src="hi9w1c" xy="1,0">
      <gearDisplay controller="c1" pages="0"/>
      <Button controller="c2" page="0"/>
    </component>
    <component id="n23_hi9w" name="n23" src="hi9w1e" xy="1,78">
      <gearDisplay controller="c1" pages="0"/>
      <Button controller="c2" page="2"/>
    </component>
    <component id="n24_hi9w" name="n24" src="hi9w1f" xy="93,78">
      <gearDisplay controller="c1" pages="0"/>
      <Button controller="c2" page="3"/>
    </component>
    <component id="n25_hi9w" name="n25" src="hi9w1d" xy="93,0">
      <gearDisplay controller="c1" pages="0"/>
      <Button controller="c2" page="1"/>
    </component>
    <component id="n26_hi9w" name="n26" src="hi9w1i" xy="47,-2">
      <gearDisplay controller="c1" pages="1"/>
    </component>
    <component id="n27_hi9w" name="n27" src="hi9w1k" xy="49,79">
      <gearDisplay controller="c1" pages="1"/>
    </component>
  </displayList>
  <transition name="t0">
    <item time="0" type="Scale" tween="true" startValue="0.6,0.6" endValue="1,1" duration="2"/>
  </transition>
  <transition name="t1">
    <item time="0" type="Scale" tween="true" startValue="1,1" endValue="0.6,0.6" duration="2"/>
  </transition>
</component>