<component size="66,66" extention="Button">
  <controller name="button" pages="0,up,1,down,2,over,3,selectedOver" selected="0"/>
  <displayList>
    <image id="n1" name="n1" src="hi9w1h" xy="0,0" size="66,66">
      <gearDisplay controller="button" pages="0,2"/>
      <relation target="" sidePair="width-width,height-height"/>
    </image>
    <image id="n2" name="n2" src="hi9w1h" xy="-5,-5" size="66,66" scale="1.1,1.1" filter="color" filterData="0.18,0.00,0.00,0.00">
      <gearDisplay controller="button" pages="1,3"/>
      <relation target="" sidePair="width-width,height-height"/>
    </image>
    <graph id="n3_hi9w" name="n3" xy="7,43" size="58,18" type="rect" lineSize="0" fillColor="#42000000" corner="5"/>
    <text id="n4_hi9w" name="title" xy="7,41" size="56,23" font="微软雅黑" fontSize="14" color="#ffffff" align="center" autoSize="none" bold="true" text="0"/>
  </displayList>
  <Button/>
</component>