<component size="422,750">
  <displayList>
    <graph id="n0_p8vx" name="n0" xy="0,0" size="422,750" type="rect" lineSize="0" fillColor="#94000000"/>
    <image id="n1_p8vx" name="n1" src="z4akg" xy="5,48" size="412,662"/>
    <image id="n25_p8vx" name="n25" src="p8vx1m" xy="159,184" size="15,438"/>
    <component id="n29_p8vx" name="yx3" src="p8vx1u" xy="122,132"/>
    <image id="n35_p8vx" name="n35" src="p8vx1m" xy="248,184" size="15,438"/>
    <image id="n40_p8vx" name="n40" src="p8vx1m" xy="337,184" size="15,438"/>
    <component id="n44_p8vx" name="fs3" src="p8vx1u" xy="300,132"/>
    <component id="n39_p8vx" name="ck3" src="p8vx1u" xy="211,132"/>
    <component id="n2_p8vx" name="n2" src="z4akk" xy="361,34"/>
    <image id="n7_p8vx" name="n7" src="hi9w18" xy="212,588"/>
    <image id="n8_p8vx" name="n8" src="hi9w19" xy="301,587"/>
    <image id="n9_p8vx" name="n9" src="hi9w1a" xy="123,587"/>
    <image id="n17_p8vx" name="n17" src="p8vx1m" xy="70,184" size="15,438"/>
    <image id="n10_p8vx" name="n10" src="hi9w1b" xy="34,587"/>
    <image id="n11_p8vx" name="n11" src="krxqf" xy="200,76" scale="0.8,0.8"/>
    <text id="n12_p8vx" name="n12" xy="241,78" size="85,43" font="微软雅黑" fontSize="30" color="#666666" autoSize="none" strokeColor="#ffffff" text="0"/>
    <component id="n24_p8vx" name="zs3" src="p8vx1u" xy="33,132"/>
    <image id="n45_p8vx" name="n45" src="p8vx1v" xy="34,52"/>
    <component id="n46_ii62" name="yx2" src="p8vx1u" xy="122,244"/>
    <component id="n47_ii62" name="fs2" src="p8vx1u" xy="300,244"/>
    <component id="n48_ii62" name="ck2" src="p8vx1u" xy="211,244"/>
    <component id="n49_ii62" name="zs2" src="p8vx1u" xy="33,244"/>
    <component id="n50_ii62" name="yx1" src="p8vx1u" xy="123,359"/>
    <component id="n51_ii62" name="fs1" src="p8vx1u" xy="301,359"/>
    <component id="n52_ii62" name="ck1" src="p8vx1u" xy="212,359"/>
    <component id="n53_ii62" name="zs1" src="p8vx1u" xy="34,359"/>
    <component id="n54_ii62" name="yx0" src="p8vx1u" xy="121,472"/>
    <component id="n55_ii62" name="fs0" src="p8vx1u" xy="299,472"/>
    <component id="n56_ii62" name="ck0" src="p8vx1u" xy="210,472"/>
    <component id="n57_ii62" name="zs0" src="p8vx1u" xy="32,472"/>
  </displayList>
</component>