<component size="80,80" extention="Button">
  <controller name="button" pages="0,up,1,down,2,over,3,selectedOver" selected="3"/>
  <displayList>
    <image id="n1" name="n1" src="vg9626" xy="0,0">
      <gearDisplay controller="button" pages="0,2"/>
      <relation target="" sidePair="width-width,height-height"/>
    </image>
    <image id="n2" name="n2" src="vg9625" xy="0,0">
      <gearDisplay controller="button" pages="1"/>
      <relation target="" sidePair="width-width,height-height"/>
    </image>
    <image id="n3" name="n3" src="vg9625" xy="0,0">
      <gearDisplay controller="button" pages="3"/>
      <relation target="" sidePair="width-width,height-height"/>
    </image>
  </displayList>
  <Button mode="Radio"/>
</component>