<component size="80,80" extention="Button">
  <Button mode="Radio"/>
  <controller name="button" pages="0,up,1,down,2,over,3,selectedOver"/>
  <displayList>
    <image id="n1" src="vg9624" name="n1" xy="0,0">
      <gearDisplay controller="button" pages="0,2"/>
      <relation target="" sidePair="width,height"/>
    </image>
    <image id="n2" src="vg9623" name="n2" xy="0,0">
      <gearDisplay controller="button" pages="1"/>
      <relation target="" sidePair="width,height"/>
    </image>
    <image id="n3" src="vg9623" name="n3" xy="0,0">
      <gearDisplay controller="button" pages="3"/>
      <relation target="" sidePair="width,height"/>
    </image>
  </displayList>
</component>