<component size="422,750" opaque="false">
  <controller name="c1" pages="0,,1,,2," selected="0"/>
  <displayList>
    <image id="n2_helg" name="n2" src="helgu" xy="0,0" size="497,43" scale="0.85,0.85"/>
    <image id="n3_helg" name="n3" src="helgx" xy="5,1" size="71,33" scale="0.85,0.85"/>
    <image id="n4_helg" name="n4" src="helgv" xy="164,0" size="104,34" scale="0.85,0.85"/>
    <image id="n5_helg" name="n5" src="helgw" xy="74,0" size="97,37" scale="0.85,0.85"/>
    <text id="n6_helg" name="n6" xy="36,4" size="52,31" scale="0.85,0.85" font="微软雅黑" fontSize="20" color="#ffffff" autoSize="height" shadowColor="#000000" shadowOffset="1,1" text="20"/>
    <text id="n7_helg" name="n7" xy="97,5" size="91,31" scale="0.85,0.85" font="微软雅黑" fontSize="20" color="#ffffff" autoSize="none" shadowColor="#000000" shadowOffset="1,1" text="0"/>
    <text id="n8_helg" name="n8" xy="187,5" size="71,31" scale="0.85,0.85" font="微软雅黑" fontSize="20" color="#ffffff" autoSize="none" shadowColor="#000000" shadowOffset="1,1" text="1/1"/>
    <text id="n9_helg" name="n9" xy="262,4" size="97,31" scale="0.85,0.85" font="微软雅黑" fontSize="20" color="#993300" align="center" autoSize="none" shadowColor="#ffffff" shadowOffset="1,1" text="00:00:00"/>
    <component id="n24_j2hi" name="btnp" src="okx42" pkg="lk73k1zm" xy="301,-21" pivot="0.5,0.5" size="162,72" scale="0.4,0.4">
      <relation target="" sidePair="top-top%,center-center"/>
      <Button title="暂停游戏"/>
    </component>
    <component id="n29_rccv" name="nsk2" src="rccvt4m" xy="88,671" scale="0.8,0.8">
      <ProgressBar max="100"/>
    </component>
    <component id="n30_rccv" name="nsk1" src="rccvt4o" xy="10,670" scale="0.8,0.8">
      <ProgressBar max="100"/>
    </component>
    <component id="n32_jah4" name="n32" src="r405t58" xy="347,485"/>
    <component id="n31_jah4" name="n31" src="jah4t54" xy="341,671" scale="0.8,0.8">
      <Button checked="true"/>
    </component>
  </displayList>
</component>