{
    "name": "第二关 宁静平原",
    "info": "宁静似乎不符合这里的现象，应该称为寂静。这里就是一片死寂，成群的福猴骚扰着你，稍有不慎，你将成为它们的腹中餐,它们从不挑食。",
    "gold": 300,
    "ddb": 110,
    "data": [
        {
            "id": 1,
            "cfg": [
                {
                    "x": 280,
                    "y": 45,
                    "t": 2
                }
            ],
            "list": [
                [
                    {
                        "count": 8,
                        "hp": 20,
                        "period": 1.8,
                        "id": "dw001",
                        "gold": 20
                    }
                ]
            ]
        },
        {
            "id": 2,
            "cfg": [
                {
                    "x": 280,
                    "y": 45,
                    "t": 2
                }
            ],
            "list": [
                [
                    {
                        "count": 8,
                        "hp": 30,
                        "period": 1.8,
                        "id": "dw002",
                        "gold": 20
                    }
                ]
            ]
        },
        {
            "id": 3,
            "cfg": [
                {
                    "x": 280,
                    "y": 45,
                    "t": 2
                }
            ],
            "list": [
                [
                    {
                        "count": 8,
                        "hp": 40,
                        "period": 1.8,
                        "id": "dw003",
                        "gold": 20
                    }
                ]
            ]
        },
        {
            "id": 4,
            "cfg": [
                {
                    "x": 280,
                    "y": 45,
                    "t": 2
                }
            ],
            "list": [
                [
                    {
                        "count": 6,
                        "hp": 60,
                        "period": 1.8,
                        "id": "kw001",
                        "gold": 20
                    }
                ]
            ]
        },
        {
            "id": 5,
            "cfg": [
                {
                    "x": 280,
                    "y": 45,
                    "t": 2
                }
            ],
            "list": [
                [
                    {
                        "count": 8,
                        "hp": 80,
                        "period": 2.2,
                        "id": "dw005",
                        "gold": 20
                    }
                ]
            ]
        },
        {
            "id": 6,
            "cfg": [
                {
                    "x": 280,
                    "y": 45,
                    "t": 0
                }
            ],
            "list": [
                [
                    {
                        "count": 1,
                        "hp": 400,
                        "period": 3,
                        "id": "kw003",
                        "gold": 20,
						"dh":5
                    }
                ]
            ]
        }
    ],
    "path": [
        [
            {
                "x": 336.05,
                "y": 18.25
            },
            {
                "x": 328,
                "y": 137
            },
            {
                "x": 85,
                "y": 130
            },
            {
                "x": 78,
                "y": 288
            },
            {
                "x": 289,
                "y": 304
            },
            {
                "x": 352.3,
                "y": 386.4
            },
            {
                "x": 294.3,
                "y": 459.75
            },
            {
                "x": 86,
                "y": 458
            },
            {
                "x": 82,
                "y": 560
            },
            {
                "x": 94,
                "y": 643
            },
            {
                "x": 83,
                "y": 744
            }
        ],
        []
    ],
    "base": [],
    "bg": "level2_png",
    "tdb": [
        {
            "x": 154,
            "y": 222
        },
        {
            "x": 315.05,
            "y": 249.15
        },
        {
            "x": 156,
            "y": 346
        },
        {
            "x": 273,
            "y": 387
        },
        {
            "x": 256,
            "y": 516
        },
        {
            "x": 136,
            "y": 574
        }
    ],
    "res": [
        "level2_png",
        "guai_json",
        "guai_png",
        "ta_json",
        "ta_png",
        "tower_json"
    ],
    "id": "m002",
    "home": {
        "x": 74,
        "y": 718
    }
}