{
    "name": "第四关 恐怖森林",
    "info": "何为恐怖？在这片森林里行走你根本不知道会从哪里冒出一只哥布林。",
    "gold": 300,
    "ddb": 130,
    "data": [
        {
            "id": 1,
            "cfg": [
                {
                    "x": 90,
                    "y": 22,
                    "t": 2
                }
            ],
            "list": [
                [
                    {
                        "count": 8,
                        "hp": 20,
                        "period": 1.8,
                        "id": "dw003",
                        "gold": 20
                    }
                ]
            ]
        },
        {
            "id": 2,
            "cfg": [
                {
                    "x": 314,
                    "y": 69,
                    "t": 2
                }
            ],
            "list": [
                [
                    {
                        "count": 8,
                        "hp": 30,
                        "period": 1.8,
                        "id": "dw004",
                        "gold": 20
                    }
                ]
            ]
        },
        {
            "id": 3,
            "cfg": [
                {
                    "x": 314,
                    "y": 69,
                    "t": 2
                }
            ],
            "list": [
                [
                    {
                        "count": 8,
                        "hp": 40,
                        "period": 1.8,
                        "id": "dw005",
                        "gold": 20
                    }
                ]
            ]
        },
        {
            "id": 4,
            "cfg": [
                {
                    "x": 314,
                    "y": 69,
                    "t": 2
                }
            ],
            "list": [
                [
                    {
                        "count": 6,
                        "hp": 50,
                        "period": 1.8,
                        "id": "kw001",
                        "gold": 20
                    }
                ]
            ]
        },
        {
            "id": 5,
            "cfg": [
                {
                    "x": 314,
                    "y": 69,
                    "t": 2
                }
            ],
            "list": [
                [
                    {
                        "count": 1,
                        "hp": 400,
                        "period": 1.8,
                        "id": "dw006",
                        "gold": 100,
						"dh":5
                    }
                ]
            ]
        },
        {
            "id": 6,
            "cfg": [
                {
                    "x": 314,
                    "y": 69,
                    "t": 2
                }
            ],
            "list": [
                [
                    {
                        "count": 6,
                        "hp": 60,
                        "period": 1.8,
                        "id": "kw002",
                        "gold": 20
                    }
                ]
            ]
        },
        {
            "id": 7,
            "cfg": [
                {
                    "x": 314,
                    "y": 69,
                    "t": 2
                }
            ],
            "list": [
                [
                    {
                        "count": 6,
                        "hp": 70,
                        "period": 1.8,
                        "id": "kw004",
                        "gold": 20
                    }
                ]
            ]
        },
        {
            "id": 8,
            "cfg": [
                {
                    "x": 314,
                    "y": 69,
                    "t": 2
                }
            ],
            "list": [
                [
                    {
                        "count": 6,
                        "hp": 80,
                        "period": 1.8,
                        "id": "kw005",
                        "gold": 20
                    }
                ]
            ]
        },
        {
            "id": 9,
            "cfg": [
                {
                    "x": 314,
                    "y": 69,
                    "t": 2
                }
            ],
            "list": [
                [
                    {
                        "count": 1,
                        "hp": 500,
                        "period": 1.8,
                        "id": "kw003",
                        "gold": 100,
						"dh":5
                    }
                ]
            ]
        },
        {
            "id": 10,
            "cfg": [
                {
                    "x": 314,
                    "y": 69,
                    "t": 2
                }
            ],
            "list": [
                [
                    {
                        "count": 8,
                        "hp": 90,
                        "period": 1.8,
                        "id": "dw007",
                        "gold": 20
                    }
                ]
            ]
        },
        {
            "id": 11,
            "cfg": [
                {
                    "x": 314,
                    "y": 69,
                    "t": 2
                }
            ],
            "list": [
                [
                    {
                        "count": 8,
                        "hp": 100,
                        "period": 1.8,
                        "id": "dw008",
                        "gold": 20
                    }
                ]
            ]
        },
        {
            "id": 12,
            "cfg": [
                {
                    "x": 314,
                    "y": 69,
                    "t": 2
                }
            ],
            "list": [
                [
                    {
                        "count": 1,
                        "hp": 600,
                        "period": 1.8,
                        "id": "dw009",
                        "gold": 100,
						"dh":5
                    }
                ]
            ]
        }
    ],
    "tdb": [
        {
            "x": 206,
            "y": 659
        },
        {
            "x": 362,
            "y": 629
        },
        {
            "x": 241,
            "y": 229
        },
        {
            "x": 100,
            "y": 450
        },
        {
            "x": 237.05,
            "y": 375.8
        },
        {
            "x": 256,
            "y": 526
        }
    ],
    "path": [
        [
            {
                "x": 85.7,
                "y": 14.1
            },
            {
                "x": 96,
                "y": 142
            },
            {
                "x": 295,
                "y": 138
            },
            {
                "x": 290,
                "y": 304
            },
            {
                "x": 178,
                "y": 316
            },
            {
                "x": 173,
                "y": 430
            },
            {
                "x": 309,
                "y": 432
            },
            {
                "x": 343,
                "y": 545
            },
            {
                "x": 278,
                "y": 603
            },
            {
                "x": 149,
                "y": 592
            },
            {
                "x": 95,
                "y": 652
            },
            {
                "x": 87,
                "y": 741
            }
        ],
        []
    ],
    "id": "m004",
    "base": [],
    "res": [
        "level4_png",
        "guai_json",
        "guai_png",
        "ta_json",
        "ta_png"
    ],
    "bg": "level4_png",
    "home": {
        "x": 90.7,
        "y": 721.1
    }
}