{
    "name": "第三关 可怕树林",
    "info": "传说上古时期，这里本不是如此可怕，由于魔王的复生，使得其中的生物伊卡兰魔化，并将这片树林变为地狱。",
    "gold": 300,
    "ddb": 120,
    "data": [
        {
            "id": 1,
            "cfg": [
                {
                    "x": 2,
                    "y": 60,
                    "t": 1
                }
            ],
            "list": [
                [
                    {
                        "count": 8,
                        "hp": 20,
                        "period": 1.8,
                        "id": "dw002",
                        "gold": 20
                    }
                ]
            ]
        },
        {
            "id": 2,
            "cfg": [
                {
                    "x": 2,
                    "y": 60,
                    "t": 1
                }
            ],
            "list": [
                [
                    {
                        "count": 8,
                        "hp": 30,
                        "period": 1.8,
                        "id": "dw003",
                        "gold": 20
                    }
                ]
            ]
        },
        {
            "id": 3,
            "cfg": [
                {
                    "x": 2,
                    "y": 60,
                    "t": 1
                }
            ],
            "list": [
                [
                    {
                        "count": 8,
                        "hp": 40,
                        "period": 1.8,
                        "id": "dw004",
                        "gold": 20
                    }
                ]
            ]
        },
        {
            "id": 4,
            "cfg": [
                {
                    "x": 2,
                    "y": 60,
                    "t": 1
                }
            ],
            "list": [
                [
                    {
                        "count": 8,
                        "hp": 60,
                        "period": 1.8,
                        "id": "dw005",
                        "gold": 20
                    }
                ]
            ]
        },
        {
            "id": 5,
            "cfg": [
                {
                    "x": 2,
                    "y": 60,
                    "t": 1
                }
            ],
            "list": [
                [
                    {
                        "count": 6,
                        "hp": 70,
                        "period": 1.8,
                        "id": "kw001",
                        "gold": 20
                    }
                ]
            ]
        },
        {
            "id": 6,
            "cfg": [
                {
                    "x": 2,
                    "y": 60,
                    "t": 1
                }
            ],
            "list": [
                [
                    {
                        "count": 8,
                        "hp": 80,
                        "period": 1.8,
                        "id": "dw007",
                        "gold": 20
                    }
                ]
            ]
        },
        {
            "id": 7,
            "cfg": [
                {
                    "x": 2,
                    "y": 60,
                    "t": 1
                }
            ],
            "list": [
                [
                    {
                        "count": 8,
                        "hp": 90,
                        "period": 1.8,
                        "id": "dw008",
                        "gold": 20
                    }
                ]
            ]
        },
        {
            "id": 8,
            "cfg": [
                {
                    "x": 2,
                    "y": 60,
                    "t": 1
                }
            ],
            "list": [
                [
                    {
                        "count": 6,
                        "hp": 100,
                        "period": 1.8,
                        "id": "kw002",
                        "gold": 20
                    }
                ]
            ]
        },
        {
            "id": 9,
            "cfg": [
                {
                    "x": 2,
                    "y": 60,
                    "t": 1
                }
            ],
            "list": [
                [
                    {
                        "count": 6,
                        "hp": 110,
                        "period": 1.8,
                        "id": "kw004",
                        "gold": 20
                    }
                ]
            ]
        },
        {
            "id": 10,
            "cfg": [
                {
                    "x": 2,
                    "y": 60,
                    "t": 1
                }
            ],
            "list": [
                [
                    {
                        "count": 1,
                        "hp": 800,
                        "period": 1.8,
                        "id": "kw006",
                        "gold": 20,
						"dh":5
                    }
                ]
            ]
        }
    ],
    "path": [
        [
            {
                "x": 15.7,
                "y": 113.1
            },
            {
                "x": 328,
                "y": 122
            },
            {
                "x": 328,
                "y": 279
            },
            {
                "x": 215,
                "y": 295
            },
            {
                "x": 189,
                "y": 563
            },
            {
                "x": 235,
                "y": 735
            }
        ],
        []
    ],
    "base": [],
    "bg": "level3_png",
    "tdb": [
        {
            "x": 137,
            "y": 307
        },
        {
            "x": 130,
            "y": 468
        },
        {
            "x": 165,
            "y": 169
        },
        {
            "x": 264,
            "y": 232
        },
        {
            "x": 265,
            "y": 582
        },
        {
            "x": 117.05,
            "y": 606.8
        }
    ],
    "res": [
        "level3_png",
        "guai_json",
        "guai_png",
        "ta_json",
        "ta_png"
    ],
    "id": "m003",
    "home": {
        "x": 232.7,
        "y": 721.1
    }
}