{
    "name": "第七关 寒冷地带",
    "info": "狼人似乎不适应这种寒冷的温度，这里的狼人，似乎在守护着某些东西。",
    "gold": 300,
    "ddb": 160,
    "data": [
        {
            "id": 1,
            "cfg": [
                {
                    "x": 314,
                    "y": 69,
                    "t": 2
                }
            ],
            "list": [
                [
                    {
                        "count": 8,
                        "hp": 20,
                        "period": 1.8,
                        "id": "dw013",
                        "gold": 20
                    }
                ]
            ]
        },
        {
            "id": 2,
            "cfg": [
                {
                    "x": 314,
                    "y": 69,
                    "t": 2
                }
            ],
            "list": [
                [
                    {
                        "count": 8,
                        "hp": 30,
                        "period": 1.8,
                        "id": "dw014",
                        "gold": 20
                    }
                ]
            ]
        },
        {
            "id": 3,
            "cfg": [
                {
                    "x": 314,
                    "y": 69,
                    "t": 2
                }
            ],
            "list": [
                [
                    {
                        "count": 8,
                        "hp": 40,
                        "period": 1.8,
                        "id": "dw015",
                        "gold": 20
                    }
                ]
            ]
        },
        {
            "id": 4,
            "cfg": [
                {
                    "x": 314,
                    "y": 69,
                    "t": 2
                }
            ],
            "list": [
                [
                    {
                        "count": 6,
                        "hp": 50,
                        "period": 1.8,
                        "id": "kw001",
                        "gold": 20
                    }
                ]
            ]
        },
        {
            "id": 5,
            "cfg": [
                {
                    "x": 314,
                    "y": 69,
                    "t": 2
                }
            ],
            "list": [
                [
                    {
                        "count": 6,
                        "hp": 60,
                        "period": 1.8,
                        "id": "kw002",
                        "gold": 20
                    }
                ]
            ]
        },
        {
            "id": 6,
            "cfg": [
                {
                    "x": 314,
                    "y": 69,
                    "t": 2
                }
            ],
            "list": [
                [
                    {
                        "count": 1,
                        "hp": 600,
                        "period": 1.8,
                        "id": "kw003",
                        "gold": 100,
						"dh":5
                    }
                ]
            ]
        },
        {
            "id": 7,
            "cfg": [
                {
                    "x": 314,
                    "y": 69,
                    "t": 2
                }
            ],
            "list": [
                [
                    {
                        "count": 8,
                        "hp": 80,
                        "period": 1.8,
                        "id": "dw010",
                        "gold": 20
                    }
                ]
            ]
        },
        {
            "id": 8,
            "cfg": [
                {
                    "x": 314,
                    "y": 69,
                    "t": 2
                }
            ],
            "list": [
                [
                    {
                        "count": 8,
                        "hp": 90,
                        "period": 1.8,
                        "id": "dw011",
                        "gold": 20
                    }
                ]
            ]
        },
        {
            "id": 9,
            "cfg": [
                {
                    "x": 314,
                    "y": 69,
                    "t": 2
                }
            ],
            "list": [
                [
                    {
                        "count": 8,
                        "hp": 100,
                        "period": 1.8,
                        "id": "dw012",
                        "gold": 20
                    }
                ]
            ]
        },
        {
            "id": 10,
            "cfg": [
                {
                    "x": 314,
                    "y": 69,
                    "t": 2
                }
            ],
            "list": [
                [
                    {
                        "count": 6,
                        "hp": 110,
                        "period": 1.8,
                        "id": "kw004",
                        "gold": 20
                    }
                ]
            ]
        },
        {
            "id": 11,
            "cfg": [
                {
                    "x": 314,
                    "y": 69,
                    "t": 2
                }
            ],
            "list": [
                [
                    {
                        "count": 6,
                        "hp": 120,
                        "period": 1.8,
                        "id": "kw005",
                        "gold": 20
                    }
                ]
            ]
        },
        {
            "id": 12,
            "cfg": [
                {
                    "x": 314,
                    "y": 69,
                    "t": 2
                }
            ],
            "list": [
                [
                    {
                        "count": 6,
                        "hp": 130,
                        "period": 1.8,
                        "id": "kw006",
                        "gold": 20
                    }
                ]
            ]
        },
        {
            "id": 13,
            "cfg": [
                {
                    "x": 314,
                    "y": 69,
                    "t": 2
                }
            ],
            "list": [
                [
                    {
                        "count": 8,
                        "hp": 140,
                        "period": 1.8,
                        "id": "dw016",
                        "gold": 20
                    }
                ]
            ]
        },
        {
            "id": 14,
            "cfg": [
                {
                    "x": 314,
                    "y": 69,
                    "t": 2
                }
            ],
            "list": [
                [
                    {
                        "count": 8,
                        "hp": 150,
                        "period": 1.8,
                        "id": "dw017",
                        "gold": 20
                    }
                ]
            ]
        },
        {
            "id": 15,
            "cfg": [
                {
                    "x": 314,
                    "y": 69,
                    "t": 2
                }
            ],
            "list": [
                [
                    {
                        "count": 1,
                        "hp": 750,
                        "period": 1.8,
                        "id": "dw018",
                        "gold": 100,
						"dh":5
                    }
                ]
            ]
        }
    ],
    "tdb": [
        {
            "x": 160,
            "y": 237
        },
        {
            "x": 157,
            "y": 358
        },
        {
            "x": 303,
            "y": 251
        },
        {
            "x": 301,
            "y": 441
        },
        {
            "x": 155,
            "y": 507
        },
        {
            "x": 292,
            "y": 556
        }
    ],
    "path": [
        [
            {
                "x": 370,
                "y": 80
            },
            {
                "x": 366,
                "y": 498
            },
            {
                "x": 230,
                "y": 497
            },
            {
                "x": 215,
                "y": 305
            },
            {
                "x": 91,
                "y": 287
            },
            {
                "x": 86,
                "y": 736
            }
        ],
        []
    ],
    "id": "m007",
    "res": [
        "level7_png",
        "guai_json",
        "guai_png",
        "ta_json",
        "ta_png"
    ],
    "bg": "level7_png",
    "base": [],    
    "home": {
        "x": 102.7,
        "y": 721.1
    }
}