{
    "m001":{"id":"1"},
    "m002":{"req":"m001","id":"2"},
    "m003":{"req":"m002","id":"3"},
    "m004":{"req":"m003","id":"4"},
    "m005":{"req":"m004","id":"5"},
    "m006":{"req":"m005","id":"6"},
    "m007":{"req":"m006","id":"7"},
    "m008":{"req":"m007","id":"8"},
    "m009":{"req":"m008","id":"9"},
    "m010":{"req":"m009","id":"10"},
    "m011":{"req":"m010","id":"11"},
    "m012":{"req":"m011","id":"12"},
    "m013":{"req":"m012","id":"13"},
    "m014":{"req":"m013","id":"14"},
    "m015":{"req":"m014","id":"15"},
    "m016":{"req":"m015","id":"16"},
    "m017":{"req":"m016","id":"17"},
    "m018":{"req":"m017","id":"18"},
    "m019":{"req":"m018","id":"19"},
    "m020":{"req":"m019","id":"20"},
    "m021":{"req":"m020","id":"21"},
    "m022":{"req":"m021","id":"22"},
    "m023":{"req":"m022","id":"23"},
    "m024":{"req":"m023","id":"24"},
    "m025":{"req":"m024","id":"25"},
    "m026":{"req":"m025","id":"26"},
    "m027":{"req":"m026","id":"27"},
    "m028":{"req":"m027","id":"28"},
    "m029":{"req":"m028","id":"29"},
    "m030":{"req":"m029","id":"30"},
    "m031":{"req":"m030","id":"31"},
    "m032":{"req":"m031","id":"32"},
    "m033":{"req":"m032","id":"33"},
    "m034":{"req":"m033","id":"34"},
    "m035":{"req":"m034","id":"35"}
}