[
{"name":"小角龙","ID":"dw001","dt":"1","bt":"1","spd":"40","head":"0,0","foot":"0,0"},
{"name":"绿角龙","ID":"dw002","dt":"1","bt":"1","spd":"40","head":"0,0","foot":"0,0"},
{"name":"王：霸王角龙","ID":"dw005","dt":"1","bt":"1","spd":"20","head":"0,0","foot":"0,0"},
{"name":"蓝角龙","ID":"dw003","dt":"1","bt":"1","spd":"40","head":"0,0","foot":"0,0"},
{"name":"铁甲龙","ID":"dw004","dt":"1","bt":"1","spd":"40","head":"0,0","foot":"0,0"},
{"name":"王：火焰角龙","ID":"dw006","dt":"2","bt":"1","spd":"20","head":"0,0","foot":"0,0"},
{"name":"哥布林","ID":"dw007","dt":"1","bt":"1","spd":"40","head":"-8,-10","foot":"0,0"},
{"name":"哥布林战士","ID":"dw008","dt":"1","bt":"1","spd":"40","head":"0,0","foot":"0,0"},
{"name":"王：哥布林酋长","ID":"dw009","dt":"1","bt":"1","spd":"20","head":"0,0","foot":"0,0"},
{"name":"山羊人","ID":"dw010","dt":"1","bt":"1","spd":"40","head":"0,0","foot":"0,0"},
{"name":"铁羊人","ID":"dw011","dt":"1","bt":"1","spd":"40","head":"0,0","foot":"0,0"},
{"name":"王：羊人酋长","ID":"dw012","dt":"1","bt":"1","spd":"20","head":"0,0","foot":"0,0"},
{"name":"人马","ID":"dw013","dt":"1","bt":"1","spd":"40","head":"0,0","foot":"0,0"},
{"name":"人马战士","ID":"dw014","dt":"1","bt":"1","spd":"40","head":"0,0","foot":"0,0"},
{"name":"王：人马酋长","ID":"dw015","dt":"1","bt":"1","spd":"20","head":"0,0","foot":"0,0"},
{"name":"狼人","ID":"dw016","dt":"1","bt":"1","spd":"40","head":"0,0","foot":"0,0"},
{"name":"狼人战士","ID":"dw017","dt":"1","bt":"1","spd":"40","head":"0,0","foot":"0,0"},
{"name":"王：狼人酋长","ID":"dw018","dt":"1","bt":"1","spd":"20","head":"0,0","foot":"0,0"},
{"name":"雪人","ID":"dm001","dt":"2","bt":"1","spd":"40","head":"0,0","foot":"0,0"},
{"name":"大雪人","ID":"dm002","dt":"2","bt":"1","spd":"40","head":"0,0","foot":"0,0"},
{"name":"王：雪人酋长","ID":"dm003","dt":"2","bt":"1","spd":"20","head":"0,0","foot":"0,0"},
{"name":"海妖","ID":"dm004","dt":"2","bt":"1","spd":"40","head":"0,0","foot":"0,0"},
{"name":"海妖战士","ID":"dm005","dt":"2","bt":"1","spd":"40","head":"0,0","foot":"0,0"},
{"name":"王：海妖酋长","ID":"dm006","dt":"2","bt":"1","spd":"20","head":"0,0","foot":"0,0"},
{"name":"终极：巨岩石魔","ID":"dm007","dt":"2","bt":"1","spd":"20","head":"0,0","foot":"0,0"},
{"name":"小飞猴","ID":"kw001","dt":"1","bt":"2","spd":"30","head":"0,0","foot":"0,0"},
{"name":"黄飞猴","ID":"kw002","dt":"1","bt":"2","spd":"30","head":"0,0","foot":"0,0"},
{"name":"王：飞猴大王","ID":"kw003","dt":"1","bt":"2","spd":"30","head":"0,0","foot":"0,0"},
{"name":"小伊卡","ID":"kw004","dt":"1","bt":"2","spd":"30","head":"0,0","foot":"0,0"},
{"name":"黄伊卡","ID":"kw005","dt":"1","bt":"2","spd":"30","head":"0,0","foot":"0,0"},
{"name":"王：伊卡莱大王","ID":"kw006","dt":"1","bt":"2","spd":"30","head":"0,0","foot":"0,0"}
]