{
"mc": {
	"dm001": {
		"frameRate":30,
		"labels": [
		],
		"frames": [
			{"res":"dm0010000","x":-19.45,"y":-51.3,"duration":9},
			{"res":"dm0010009","x":-19.45,"y":-52.3,"duration":9},
			{"res":"dm0010018","x":-21.45,"y":-51.3,"duration":9},
			{"res":"dm0010027","x":-19.45,"y":-52.3,"duration":9}
		]
	},
	"dm002": {
		"frameRate":30,
		"labels": [
		],
		"frames": [
			{"res":"dm0020000","x":-24.200000000000003,"y":-59.55,"duration":9},
			{"res":"dm0020009","x":-31.200000000000003,"y":-59.55,"duration":9},
			{"res":"dm0020018","x":-34.2,"y":-59.55,"duration":9},
			{"res":"dm0020027","x":-27.200000000000003,"y":-59.55,"duration":9}
		]
	},
	"dm003": {
		"frameRate":30,
		"labels": [
		],
		"frames": [
			{"res":"dm0030000","x":-27.05,"y":-80.3,"duration":6},
			{"res":"dm0030006","x":-27.05,"y":-81.3,"duration":6},
			{"res":"dm0030012","x":-27.05,"y":-81.3,"duration":6},
			{"res":"dm0030018","x":-27.05,"y":-80.3,"duration":6},
			{"res":"dm0030024","x":-27.05,"y":-81.3,"duration":6},
			{"res":"dm0030030","x":-27.05,"y":-81.3,"duration":6}
		]
	},
	"dm004": {
		"frameRate":30,
		"labels": [
		],
		"frames": [
			{"res":"dm0040000","x":-29.3,"y":-50.45},
			{"res":"dm0040001","x":-29.3,"y":-49.45},
			{"res":"dm0040002","x":-29.3,"y":-49.45},
			{"res":"dm0040003","x":-29.3,"y":-49.45},
			{"res":"dm0040004","x":-29.3,"y":-49.45},
			{"res":"dm0040005","x":-29.3,"y":-49.45},
			{"res":"dm0040006","x":-29.3,"y":-48.45},
			{"res":"dm0040007","x":-29.3,"y":-48.45},
			{"res":"dm0040008","x":-29.3,"y":-48.45},
			{"res":"dm0040009","x":-29.3,"y":-48.45},
			{"res":"dm0040010","x":-29.3,"y":-47.45},
			{"res":"dm0040011","x":-29.3,"y":-47.45},
			{"res":"dm0040012","x":-29.3,"y":-47.45},
			{"res":"dm0040013","x":-29.3,"y":-47.45},
			{"res":"dm0040014","x":-29.3,"y":-47.45},
			{"res":"dm0040015","x":-29.3,"y":-47.45},
			{"res":"dm0040016","x":-29.3,"y":-47.45},
			{"res":"dm0040017","x":-29.3,"y":-48.45},
			{"res":"dm0040018","x":-29.3,"y":-48.45},
			{"res":"dm0040019","x":-29.3,"y":-48.45},
			{"res":"dm0040020","x":-29.3,"y":-48.45},
			{"res":"dm0040021","x":-29.3,"y":-48.45},
			{"res":"dm0040022","x":-29.3,"y":-48.45},
			{"res":"dm0040023","x":-29.3,"y":-48.45},
			{"res":"dm0040024","x":-29.3,"y":-48.45},
			{"res":"dm0040025","x":-29.3,"y":-49.45},
			{"res":"dm0040026","x":-29.3,"y":-49.45},
			{"res":"dm0040027","x":-29.3,"y":-49.45},
			{"res":"dm0040028","x":-29.3,"y":-49.45},
			{"res":"dm0040029","x":-29.3,"y":-49.45},
			{"res":"dm0040030","x":-29.3,"y":-49.45},
			{"res":"dm0040031","x":-29.3,"y":-49.45},
			{"res":"dm0040032","x":-29.3,"y":-49.45},
			{"res":"dm0040033","x":-29.3,"y":-50.45}
		]
	},
	"dm005": {
		"frameRate":30,
		"labels": [
		],
		"frames": [
			{"res":"dm0050000","x":-32.7,"y":-57.8},
			{"res":"dm0050001","x":-32.7,"y":-57.8},
			{"res":"dm0050002","x":-32.7,"y":-57.8},
			{"res":"dm0050003","x":-32.7,"y":-57.8},
			{"res":"dm0050004","x":-33.7,"y":-57.8},
			{"res":"dm0050005","x":-33.7,"y":-56.8},
			{"res":"dm0050006","x":-33.7,"y":-56.8},
			{"res":"dm0050007","x":-33.7,"y":-56.8},
			{"res":"dm0050008","x":-34.7,"y":-56.8},
			{"res":"dm0050009","x":-34.7,"y":-56.8},
			{"res":"dm0050010","x":-34.7,"y":-56.8},
			{"res":"dm0050011","x":-34.7,"y":-56.8},
			{"res":"dm0050012","x":-35.7,"y":-56.8},
			{"res":"dm0050013","x":-34.7,"y":-56.8},
			{"res":"dm0050014","x":-34.7,"y":-56.8},
			{"res":"dm0050015","x":-34.7,"y":-56.8},
			{"res":"dm0050016","x":-34.7,"y":-56.8},
			{"res":"dm0050017","x":-34.7,"y":-56.8},
			{"res":"dm0050018","x":-34.7,"y":-56.8},
			{"res":"dm0050019","x":-34.7,"y":-56.8},
			{"res":"dm0050020","x":-34.7,"y":-56.8},
			{"res":"dm0050021","x":-33.7,"y":-56.8},
			{"res":"dm0050022","x":-33.7,"y":-56.8},
			{"res":"dm0050023","x":-33.7,"y":-56.8},
			{"res":"dm0050024","x":-33.7,"y":-56.8},
			{"res":"dm0050025","x":-33.7,"y":-56.8},
			{"res":"dm0050026","x":-33.7,"y":-57.8},
			{"res":"dm0050027","x":-33.7,"y":-57.8},
			{"res":"dm0050028","x":-32.7,"y":-57.8},
			{"res":"dm0050029","x":-32.7,"y":-57.8},
			{"res":"dm0050030","x":-32.7,"y":-57.8},
			{"res":"dm0050031","x":-32.7,"y":-57.8},
			{"res":"dm0050032","x":-32.7,"y":-57.8},
			{"res":"dm0050033","x":-32.7,"y":-57.8}
		]
	},
	"dm006": {
		"frameRate":30,
		"labels": [
		],
		"frames": [
			{"res":"dm0060000","x":-30.5,"y":-64.1},
			{"res":"dm0060001","x":-30.5,"y":-63.099999999999994},
			{"res":"dm0060002","x":-30.5,"y":-63.099999999999994},
			{"res":"dm0060003","x":-31.5,"y":-63.099999999999994},
			{"res":"dm0060004","x":-31.5,"y":-63.099999999999994},
			{"res":"dm0060005","x":-31.5,"y":-63.099999999999994},
			{"res":"dm0060006","x":-31.5,"y":-63.099999999999994},
			{"res":"dm0060007","x":-31.5,"y":-62.099999999999994},
			{"res":"dm0060008","x":-31.5,"y":-62.099999999999994},
			{"res":"dm0060009","x":-32.5,"y":-62.099999999999994},
			{"res":"dm0060010","x":-32.5,"y":-62.099999999999994},
			{"res":"dm0060011","x":-32.5,"y":-62.099999999999994},
			{"res":"dm0060012","x":-32.5,"y":-61.099999999999994},
			{"res":"dm0060013","x":-32.5,"y":-61.099999999999994},
			{"res":"dm0060014","x":-32.5,"y":-62.099999999999994},
			{"res":"dm0060015","x":-32.5,"y":-62.099999999999994},
			{"res":"dm0060016","x":-32.5,"y":-62.099999999999994},
			{"res":"dm0060017","x":-32.5,"y":-62.099999999999994},
			{"res":"dm0060018","x":-32.5,"y":-62.099999999999994},
			{"res":"dm0060019","x":-31.5,"y":-62.099999999999994},
			{"res":"dm0060020","x":-31.5,"y":-62.099999999999994},
			{"res":"dm0060021","x":-31.5,"y":-62.099999999999994},
			{"res":"dm0060022","x":-31.5,"y":-62.099999999999994},
			{"res":"dm0060023","x":-31.5,"y":-63.099999999999994},
			{"res":"dm0060024","x":-31.5,"y":-63.099999999999994},
			{"res":"dm0060025","x":-31.5,"y":-63.099999999999994},
			{"res":"dm0060026","x":-31.5,"y":-63.099999999999994},
			{"res":"dm0060027","x":-31.5,"y":-63.099999999999994},
			{"res":"dm0060028","x":-31.5,"y":-63.099999999999994},
			{"res":"dm0060029","x":-30.5,"y":-63.099999999999994},
			{"res":"dm0060030","x":-30.5,"y":-63.099999999999994},
			{"res":"dm0060031","x":-30.5,"y":-63.099999999999994},
			{"res":"dm0060032","x":-30.5,"y":-63.099999999999994},
			{"res":"dm0060033","x":-30.5,"y":-64.1}
		]
	},
	"dm007": {
		"frameRate":30,
		"labels": [
		],
		"frames": [
			{"res":"dm0070000","x":-51.85,"y":-111.25},
			{"res":"dm0070001","x":-51.85,"y":-111.25},
			{"res":"dm0070002","x":-51.85,"y":-111.25},
			{"res":"dm0070003","x":-51.85,"y":-111.25},
			{"res":"dm0070004","x":-51.85,"y":-111.25},
			{"res":"dm0070005","x":-51.85,"y":-111.25},
			{"res":"dm0070006","x":-51.85,"y":-111.25},
			{"res":"dm0070007","x":-51.85,"y":-111.25},
			{"res":"dm0070008","x":-51.85,"y":-111.25},
			{"res":"dm0070009","x":-51.85,"y":-111.25},
			{"res":"dm0070010","x":-51.85,"y":-111.25},
			{"res":"dm0070011","x":-51.85,"y":-111.25},
			{"res":"dm0070012","x":-51.85,"y":-111.25},
			{"res":"dm0070013","x":-51.85,"y":-111.25},
			{"res":"dm0070014","x":-51.85,"y":-111.25},
			{"res":"dm0070015","x":-51.85,"y":-111.25},
			{"res":"dm0070016","x":-51.85,"y":-111.25},
			{"res":"dm0070017","x":-51.85,"y":-111.25},
			{"res":"dm0070018","x":-51.85,"y":-111.25},
			{"res":"dm0070019","x":-51.85,"y":-111.25},
			{"res":"dm0070020","x":-52.85,"y":-111.25},
			{"res":"dm0070021","x":-52.85,"y":-111.25},
			{"res":"dm0070022","x":-52.85,"y":-111.25},
			{"res":"dm0070023","x":-58.85,"y":-111.25},
			{"res":"dm0070024","x":-52.85,"y":-111.25},
			{"res":"dm0070025","x":-52.85,"y":-111.25},
			{"res":"dm0070026","x":-52.85,"y":-111.25},
			{"res":"dm0070027","x":-53.85,"y":-111.25},
			{"res":"dm0070028","x":-53.85,"y":-111.25},
			{"res":"dm0070029","x":-53.85,"y":-111.25},
			{"res":"dm0070030","x":-53.85,"y":-111.25},
			{"res":"dm0070031","x":-53.85,"y":-111.25},
			{"res":"dm0070032","x":-53.85,"y":-111.25},
			{"res":"dm0070033","x":-54.85,"y":-112.25},
			{"res":"dm0070034","x":-54.85,"y":-112.25},
			{"res":"dm0070035","x":-54.85,"y":-112.25},
			{"res":"dm0070036","x":-54.85,"y":-112.25},
			{"res":"dm0070037","x":-54.85,"y":-112.25},
			{"res":"dm0070038","x":-54.85,"y":-112.25},
			{"res":"dm0070039","x":-54.85,"y":-112.25},
			{"res":"dm0070040","x":-53.85,"y":-112.25},
			{"res":"dm0070041","x":-53.85,"y":-111.25},
			{"res":"dm0070042","x":-53.85,"y":-111.25},
			{"res":"dm0070043","x":-53.85,"y":-111.25},
			{"res":"dm0070044","x":-53.85,"y":-111.25},
			{"res":"dm0070045","x":-53.85,"y":-111.25},
			{"res":"dm0070046","x":-53.85,"y":-111.25},
			{"res":"dm0070047","x":-52.85,"y":-111.25},
			{"res":"dm0070048","x":-52.85,"y":-111.25},
			{"res":"dm0070049","x":-52.85,"y":-111.25},
			{"res":"dm0070050","x":-52.85,"y":-111.25},
			{"res":"dm0070051","x":-52.85,"y":-111.25},
			{"res":"dm0070052","x":-52.85,"y":-111.25},
			{"res":"dm0070053","x":-52.85,"y":-111.25},
			{"res":"dm0070054","x":-51.85,"y":-111.25},
			{"res":"dm0070055","x":-51.85,"y":-111.25},
			{"res":"dm0070056","x":-51.85,"y":-111.25},
			{"res":"dm0070057","x":-51.85,"y":-111.25},
			{"res":"dm0070058","x":-51.85,"y":-111.25},
			{"res":"dm0070059","x":-51.85,"y":-111.25},
			{"res":"dm0070060","x":-51.85,"y":-111.25},
			{"res":"dm0070061","x":-51.85,"y":-111.25},
			{"res":"dm0070062","x":-51.85,"y":-111.25},
			{"res":"dm0070063","x":-51.85,"y":-111.25},
			{"res":"dm0070064","x":-51.85,"y":-111.25},
			{"res":"dm0070065","x":-51.85,"y":-111.25},
			{"res":"dm0070066","x":-51.85,"y":-111.25},
			{"res":"dm0070067","x":-51.85,"y":-111.25},
			{"res":"dm0070068","x":-51.85,"y":-111.25},
			{"res":"dm0070069","x":-51.85,"y":-111.25},
			{"res":"dm0070070","x":-51.85,"y":-111.25},
			{"res":"dm0070071","x":-51.85,"y":-111.25},
			{"res":"dm0070072","x":-51.85,"y":-111.25},
			{"res":"dm0070073","x":-51.85,"y":-111.25},
			{"res":"dm0070074","x":-51.85,"y":-111.25},
			{"res":"dm0070075","x":-51.85,"y":-111.25}
		]
	},
	"dw001": {
		"frameRate":30,
		"labels": [
		],
		"frames": [
			{"res":"dw0010000","x":-29.4,"y":-29.95,"duration":7},
			{"res":"dw0010007","x":-29.4,"y":-30.95,"duration":8},
			{"res":"dw0010015","x":-29.4,"y":-29.95,"duration":8},
			{"res":"dw0010023","x":-29.4,"y":-30.95,"duration":7}
		]
	},
	"dw002": {
		"frameRate":30,
		"labels": [
		],
		"frames": [
			{"res":"dw0020000","x":-31,"y":-34.35,"duration":7},
			{"res":"dw0020007","x":-31,"y":-34.35,"duration":8},
			{"res":"dw0020015","x":-31,"y":-34.35,"duration":8},
			{"res":"dw0020023","x":-31,"y":-34.35,"duration":7}
		]
	},
	"dw003": {
		"frameRate":30,
		"labels": [
		],
		"frames": [
			{"res":"dw0030000","x":-29.4,"y":-35.7,"duration":7},
			{"res":"dw0030007","x":-30.4,"y":-36.7,"duration":8},
			{"res":"dw0030015","x":-29.4,"y":-35.7,"duration":8},
			{"res":"dw0030023","x":-30.4,"y":-36.7,"duration":7}
		]
	},
	"dw004": {
		"frameRate":30,
		"labels": [
		],
		"frames": [
			{"res":"dw0040000","x":-29.1,"y":-39.5,"duration":7},
			{"res":"dw0040007","x":-29.1,"y":-39.5,"duration":8},
			{"res":"dw0040015","x":-29.1,"y":-39.5,"duration":8},
			{"res":"dw0040023","x":-29.1,"y":-39.5,"duration":7}
		]
	},
	"dw005": {
		"frameRate":30,
		"labels": [
		],
		"frames": [
			{"res":"dw0050000","x":-33.1,"y":-37.9,"duration":7},
			{"res":"dw0050007","x":-33.1,"y":-37.9,"duration":8},
			{"res":"dw0050015","x":-33.1,"y":-37.9,"duration":8},
			{"res":"dw0050023","x":-33.1,"y":-37.9,"duration":7}
		]
	},
	"dw006": {
		"frameRate":30,
		"labels": [
		],
		"frames": [
			{"res":"dw0060000","x":-39.6,"y":-42.7,"duration":7},
			{"res":"dw0060007","x":-39.6,"y":-43.7,"duration":8},
			{"res":"dw0060015","x":-39.6,"y":-42.7,"duration":8},
			{"res":"dw0060023","x":-39.6,"y":-43.7,"duration":7}
		]
	},
	"dw007": {
		"frameRate":30,
		"labels": [
		],
		"frames": [
			{"res":"dw0070000","x":-31.4,"y":-51,"duration":5},
			{"res":"dw0070005","x":-30.4,"y":-51,"duration":5},
			{"res":"dw0070010","x":-31.4,"y":-51,"duration":5},
			{"res":"dw0070015","x":-32.4,"y":-51,"duration":5},
			{"res":"dw0070020","x":-32.4,"y":-51,"duration":5},
			{"res":"dw0070025","x":-33.4,"y":-51,"duration":5}
		]
	},
	"dw008": {
		"frameRate":30,
		"labels": [
		],
		"frames": [
			{"res":"dw0080000","x":-31.15,"y":-51.65,"duration":5},
			{"res":"dw0080005","x":-31.15,"y":-50.65,"duration":5},
			{"res":"dw0080010","x":-31.15,"y":-50.65,"duration":5},
			{"res":"dw0080015","x":-31.15,"y":-50.65,"duration":5},
			{"res":"dw0080020","x":-31.15,"y":-51.65,"duration":5},
			{"res":"dw0080025","x":-31.15,"y":-50.65,"duration":5}
		]
	},
	"dw009": {
		"frameRate":30,
		"labels": [
		],
		"frames": [
			{"res":"dw0090000","x":-47.75,"y":-57.8,"duration":5},
			{"res":"dw0090005","x":-47.75,"y":-57.8,"duration":5},
			{"res":"dw0090010","x":-46.75,"y":-56.8,"duration":5},
			{"res":"dw0090015","x":-46.75,"y":-56.8,"duration":5},
			{"res":"dw0090020","x":-47.75,"y":-57.8,"duration":5},
			{"res":"dw0090025","x":-47.75,"y":-56.8,"duration":5}
		]
	},
	"dw010": {
		"frameRate":30,
		"labels": [
		],
		"frames": [
			{"res":"dw0100000","x":-36.95,"y":-44.55,"duration":5},
			{"res":"dw0100005","x":-37.95,"y":-44.55,"duration":5},
			{"res":"dw0100010","x":-37.95,"y":-43.55,"duration":5},
			{"res":"dw0100015","x":-37.95,"y":-44.55,"duration":5},
			{"res":"dw0100020","x":-36.95,"y":-44.55,"duration":5},
			{"res":"dw0100025","x":-33.95,"y":-44.55,"duration":5}
		]
	},
	"dw011": {
		"frameRate":30,
		"labels": [
		],
		"frames": [
			{"res":"dw0110000","x":-42.2,"y":-48.1,"duration":5},
			{"res":"dw0110005","x":-43.2,"y":-48.1,"duration":5},
			{"res":"dw0110010","x":-43.2,"y":-47.1,"duration":5},
			{"res":"dw0110015","x":-43.2,"y":-47.1,"duration":5},
			{"res":"dw0110020","x":-42.2,"y":-48.1,"duration":5},
			{"res":"dw0110025","x":-41.2,"y":-47.1,"duration":5}
		]
	},
	"dw012": {
		"frameRate":30,
		"labels": [
		],
		"frames": [
			{"res":"dw0120000","x":-47.9,"y":-56.3,"duration":6},
			{"res":"dw0120006","x":-48.9,"y":-55.3,"duration":6},
			{"res":"dw0120012","x":-48.9,"y":-55.3,"duration":6},
			{"res":"dw0120018","x":-48.9,"y":-55.3,"duration":6},
			{"res":"dw0120024","x":-47.9,"y":-55.3,"duration":6},
			{"res":"dw0120030","x":-44.9,"y":-55.3,"duration":6}
		]
	},
	"dw013": {
		"frameRate":30,
		"labels": [
		],
		"frames": [
			{"res":"dw0130000","x":-22.35,"y":-53.35,"duration":5},
			{"res":"dw0130005","x":-22.35,"y":-53.35,"duration":5},
			{"res":"dw0130010","x":-22.35,"y":-54.35,"duration":5},
			{"res":"dw0130015","x":-22.35,"y":-53.35,"duration":5},
			{"res":"dw0130020","x":-22.35,"y":-53.35,"duration":5},
			{"res":"dw0130025","x":-22.35,"y":-53.35,"duration":5},
			{"res":"dw0130030","x":-22.35,"y":-54.35,"duration":5},
			{"res":"dw0130035","x":-22.35,"y":-53.35,"duration":5}
		]
	},
	"dw014": {
		"frameRate":30,
		"labels": [
		],
		"frames": [
			{"res":"dw0140000","x":-25.65,"y":-56.95,"duration":5},
			{"res":"dw0140005","x":-25.65,"y":-57.95,"duration":5},
			{"res":"dw0140010","x":-27.65,"y":-57.95,"duration":5},
			{"res":"dw0140015","x":-28.65,"y":-57.95,"duration":5},
			{"res":"dw0140020","x":-29.65,"y":-57.95,"duration":5},
			{"res":"dw0140025","x":-28.65,"y":-57.95,"duration":5},
			{"res":"dw0140030","x":-26.65,"y":-57.95,"duration":5},
			{"res":"dw0140035","x":-23.65,"y":-57.95,"duration":5}
		]
	},
	"dw015": {
		"frameRate":30,
		"labels": [
		],
		"frames": [
			{"res":"dw0150000","x":-68.1,"y":-70.6,"duration":5},
			{"res":"dw0150005","x":-70.1,"y":-70.6,"duration":5},
			{"res":"dw0150010","x":-71.1,"y":-70.6,"duration":5},
			{"res":"dw0150015","x":-72.1,"y":-70.6,"duration":5},
			{"res":"dw0150020","x":-73.1,"y":-70.6,"duration":5},
			{"res":"dw0150025","x":-71.1,"y":-70.6,"duration":5},
			{"res":"dw0150030","x":-70.1,"y":-70.6,"duration":5},
			{"res":"dw0150035","x":-69.1,"y":-70.6,"duration":5}
		]
	},
	"dw016": {
		"frameRate":30,
		"labels": [
		],
		"frames": [
			{"res":"dw0160000","x":-23.35,"y":-46.9,"duration":9},
			{"res":"dw0160009","x":-23.35,"y":-47.9,"duration":9},
			{"res":"dw0160018","x":-25.35,"y":-46.9,"duration":9},
			{"res":"dw0160027","x":-23.35,"y":-47.9,"duration":9}
		]
	},
	"dw017": {
		"frameRate":30,
		"labels": [
		],
		"frames": [
			{"res":"dw0170000","x":-22.35,"y":-48.55,"duration":9},
			{"res":"dw0170009","x":-22.35,"y":-48.55,"duration":9},
			{"res":"dw0170018","x":-23.35,"y":-48.55,"duration":9},
			{"res":"dw0170027","x":-22.35,"y":-48.55,"duration":9}
		]
	},
	"dw018": {
		"frameRate":30,
		"labels": [
		],
		"frames": [
			{"res":"dw0180000","x":-27.9,"y":-63,"duration":9},
			{"res":"dw0180009","x":-27.9,"y":-63,"duration":9},
			{"res":"dw0180018","x":-28.9,"y":-63,"duration":9},
			{"res":"dw0180027","x":-27.9,"y":-63,"duration":9}
		]
	},
	"kw001": {
		"frameRate":30,
		"labels": [
		],
		"frames": [
			{"res":"kw0010000","x":-25.25,"y":-29.55,"duration":5},
			{"res":"kw0010005","x":-25.25,"y":-28.55,"duration":5},
			{"res":"kw0010010","x":-26.25,"y":-30.55,"duration":7},
			{"res":"kw0010017","x":-25.25,"y":-28.55,"duration":5}
		]
	},
	"kw002": {
		"frameRate":30,
		"labels": [
		],
		"frames": [
			{"res":"kw0020000","x":-21.95,"y":-32.75,"duration":5},
			{"res":"kw0020005","x":-21.95,"y":-34.75,"duration":5},
			{"res":"kw0020010","x":-21.95,"y":-36.75,"duration":7},
			{"res":"kw0020017","x":-21.95,"y":-33.75,"duration":5}
		]
	},
	"kw003": {
		"frameRate":30,
		"labels": [
		],
		"frames": [
			{"res":"kw0030000","x":-31.55,"y":-40.85,"duration":5},
			{"res":"kw0030005","x":-30.55,"y":-42.85,"duration":5},
			{"res":"kw0030010","x":-30.55,"y":-44.85,"duration":7},
			{"res":"kw0030017","x":-30.55,"y":-42.85,"duration":5}
		]
	},
	"kw004": {
		"frameRate":30,
		"labels": [
		],
		"frames": [
			{"res":"kw0040000","x":-26.6,"y":-29.35,"duration":5},
			{"res":"kw0040005","x":-27.6,"y":-23.35,"duration":5},
			{"res":"kw0040010","x":-27.6,"y":-23.35,"duration":7},
			{"res":"kw0040017","x":-27.6,"y":-23.35,"duration":5}
		]
	},
	"kw005": {
		"frameRate":30,
		"labels": [
		],
		"frames": [
			{"res":"kw0050000","x":-27.95,"y":-42.55,"duration":5},
			{"res":"kw0050005","x":-27.95,"y":-40.55,"duration":5},
			{"res":"kw0050010","x":-27.95,"y":-41.55,"duration":7},
			{"res":"kw0050017","x":-27.95,"y":-40.55,"duration":5}
		]
	},
	"kw006": {
		"frameRate":30,
		"labels": [
		],
		"frames": [
			{"res":"kw0060000","x":-33.7,"y":-54.3,"duration":5},
			{"res":"kw0060005","x":-33.7,"y":-46.3,"duration":5},
			{"res":"kw0060010","x":-33.7,"y":-47.3,"duration":7},
			{"res":"kw0060017","x":-33.7,"y":-46.3,"duration":5}
		]
	}
},
"res": {
	"dm0010000":{"x":0,"y":0,"w":46,"h":58},
	"dm0010009":{"x":46,"y":0,"w":48,"h":59},
	"dm0010018":{"x":94,"y":0,"w":54,"h":58},
	"dm0010027":{"x":148,"y":0,"w":47,"h":60},
	"dm0020000":{"x":195,"y":0,"w":54,"h":69},
	"dm0020009":{"x":249,"y":0,"w":65,"h":65},
	"dm0020018":{"x":314,"y":0,"w":70,"h":67},
	"dm0020027":{"x":384,"y":0,"w":60,"h":67},
	"dm0030000":{"x":444,"y":0,"w":101,"h":89},
	"dm0030006":{"x":545,"y":0,"w":101,"h":89},
	"dm0030012":{"x":646,"y":0,"w":101,"h":89},
	"dm0030018":{"x":747,"y":0,"w":101,"h":88},
	"dm0030024":{"x":848,"y":0,"w":101,"h":89},
	"dm0030030":{"x":949,"y":0,"w":101,"h":89},
	"dm0040000":{"x":1050,"y":0,"w":55,"h":58},
	"dm0040001":{"x":1105,"y":0,"w":55,"h":57},
	"dm0040002":{"x":1160,"y":0,"w":55,"h":57},
	"dm0040003":{"x":1215,"y":0,"w":55,"h":57},
	"dm0040004":{"x":1270,"y":0,"w":55,"h":57},
	"dm0040005":{"x":1325,"y":0,"w":55,"h":57},
	"dm0040006":{"x":1380,"y":0,"w":54,"h":56},
	"dm0040007":{"x":1434,"y":0,"w":54,"h":56},
	"dm0040008":{"x":1488,"y":0,"w":54,"h":56},
	"dm0040009":{"x":1542,"y":0,"w":54,"h":56},
	"dm0040010":{"x":1596,"y":0,"w":53,"h":55},
	"dm0040011":{"x":1649,"y":0,"w":53,"h":55},
	"dm0040012":{"x":1702,"y":0,"w":53,"h":55},
	"dm0040013":{"x":1755,"y":0,"w":53,"h":55},
	"dm0040014":{"x":1808,"y":0,"w":53,"h":55},
	"dm0040015":{"x":1861,"y":0,"w":53,"h":55},
	"dm0040016":{"x":1914,"y":0,"w":53,"h":55},
	"dm0040017":{"x":1967,"y":0,"w":54,"h":56},
	"dm0040018":{"x":0,"y":89,"w":54,"h":56},
	"dm0040019":{"x":1488,"y":0,"w":54,"h":56},
	"dm0040020":{"x":54,"y":89,"w":54,"h":56},
	"dm0040021":{"x":108,"y":89,"w":54,"h":56},
	"dm0040022":{"x":162,"y":89,"w":54,"h":56},
	"dm0040023":{"x":216,"y":89,"w":55,"h":56},
	"dm0040024":{"x":271,"y":89,"w":55,"h":56},
	"dm0040025":{"x":326,"y":89,"w":55,"h":57},
	"dm0040026":{"x":381,"y":89,"w":55,"h":57},
	"dm0040027":{"x":436,"y":89,"w":55,"h":57},
	"dm0040028":{"x":491,"y":89,"w":55,"h":57},
	"dm0040029":{"x":546,"y":89,"w":55,"h":57},
	"dm0040030":{"x":601,"y":89,"w":55,"h":57},
	"dm0040031":{"x":656,"y":89,"w":55,"h":57},
	"dm0040032":{"x":711,"y":89,"w":55,"h":56},
	"dm0040033":{"x":766,"y":89,"w":55,"h":58},
	"dm0050000":{"x":821,"y":89,"w":62,"h":65},
	"dm0050001":{"x":883,"y":89,"w":62,"h":65},
	"dm0050002":{"x":945,"y":89,"w":62,"h":65},
	"dm0050003":{"x":1007,"y":89,"w":61,"h":64},
	"dm0050004":{"x":1068,"y":89,"w":63,"h":64},
	"dm0050005":{"x":1131,"y":89,"w":62,"h":63},
	"dm0050006":{"x":1193,"y":89,"w":62,"h":63},
	"dm0050007":{"x":1255,"y":89,"w":62,"h":63},
	"dm0050008":{"x":1317,"y":89,"w":63,"h":63},
	"dm0050009":{"x":1380,"y":89,"w":63,"h":63},
	"dm0050010":{"x":1443,"y":89,"w":62,"h":63},
	"dm0050011":{"x":1505,"y":89,"w":62,"h":63},
	"dm0050012":{"x":1567,"y":89,"w":63,"h":63},
	"dm0050013":{"x":1630,"y":89,"w":61,"h":63},
	"dm0050014":{"x":1691,"y":89,"w":62,"h":63},
	"dm0050015":{"x":1753,"y":89,"w":62,"h":63},
	"dm0050016":{"x":1815,"y":89,"w":62,"h":63},
	"dm0050017":{"x":1877,"y":89,"w":63,"h":63},
	"dm0050018":{"x":1940,"y":89,"w":63,"h":63},
	"dm0050019":{"x":1317,"y":89,"w":63,"h":63},
	"dm0050020":{"x":0,"y":154,"w":63,"h":63},
	"dm0050021":{"x":63,"y":154,"w":62,"h":63},
	"dm0050022":{"x":125,"y":154,"w":62,"h":63},
	"dm0050023":{"x":187,"y":154,"w":62,"h":63},
	"dm0050024":{"x":249,"y":154,"w":62,"h":63},
	"dm0050025":{"x":311,"y":154,"w":62,"h":63},
	"dm0050026":{"x":373,"y":154,"w":63,"h":64},
	"dm0050027":{"x":436,"y":154,"w":63,"h":65},
	"dm0050028":{"x":499,"y":154,"w":61,"h":64},
	"dm0050029":{"x":560,"y":154,"w":62,"h":65},
	"dm0050030":{"x":622,"y":154,"w":62,"h":65},
	"dm0050031":{"x":684,"y":154,"w":62,"h":65},
	"dm0050032":{"x":746,"y":154,"w":62,"h":65},
	"dm0050033":{"x":808,"y":154,"w":62,"h":65},
	"dm0060000":{"x":870,"y":154,"w":63,"h":72},
	"dm0060001":{"x":933,"y":154,"w":63,"h":71},
	"dm0060002":{"x":996,"y":154,"w":62,"h":71},
	"dm0060003":{"x":1058,"y":154,"w":63,"h":71},
	"dm0060004":{"x":1121,"y":154,"w":63,"h":71},
	"dm0060005":{"x":1184,"y":154,"w":63,"h":71},
	"dm0060006":{"x":1247,"y":154,"w":63,"h":71},
	"dm0060007":{"x":1310,"y":154,"w":62,"h":70},
	"dm0060008":{"x":1372,"y":154,"w":62,"h":70},
	"dm0060009":{"x":1434,"y":154,"w":63,"h":70},
	"dm0060010":{"x":1497,"y":154,"w":62,"h":70},
	"dm0060011":{"x":1559,"y":154,"w":62,"h":70},
	"dm0060012":{"x":1621,"y":154,"w":62,"h":69},
	"dm0060013":{"x":1683,"y":154,"w":62,"h":68},
	"dm0060014":{"x":1745,"y":154,"w":62,"h":70},
	"dm0060015":{"x":1807,"y":154,"w":62,"h":70},
	"dm0060016":{"x":1869,"y":154,"w":63,"h":70},
	"dm0060017":{"x":1932,"y":154,"w":63,"h":70},
	"dm0060018":{"x":0,"y":226,"w":63,"h":70},
	"dm0060019":{"x":63,"y":226,"w":62,"h":70},
	"dm0060020":{"x":125,"y":226,"w":62,"h":70},
	"dm0060021":{"x":187,"y":226,"w":62,"h":70},
	"dm0060022":{"x":249,"y":226,"w":63,"h":70},
	"dm0060023":{"x":312,"y":226,"w":63,"h":71},
	"dm0060024":{"x":375,"y":226,"w":63,"h":71},
	"dm0060025":{"x":438,"y":226,"w":63,"h":71},
	"dm0060026":{"x":501,"y":226,"w":63,"h":71},
	"dm0060027":{"x":564,"y":226,"w":63,"h":71},
	"dm0060028":{"x":627,"y":226,"w":63,"h":71},
	"dm0060029":{"x":690,"y":226,"w":62,"h":71},
	"dm0060030":{"x":752,"y":226,"w":62,"h":71},
	"dm0060031":{"x":814,"y":226,"w":62,"h":71},
	"dm0060032":{"x":876,"y":226,"w":63,"h":71},
	"dm0060033":{"x":939,"y":226,"w":63,"h":72},
	"dm0070000":{"x":1002,"y":226,"w":109,"h":120},
	"dm0070001":{"x":1111,"y":226,"w":109,"h":120},
	"dm0070002":{"x":1220,"y":226,"w":109,"h":120},
	"dm0070003":{"x":1329,"y":226,"w":109,"h":120},
	"dm0070004":{"x":1438,"y":226,"w":108,"h":120},
	"dm0070005":{"x":1546,"y":226,"w":108,"h":120},
	"dm0070006":{"x":1654,"y":226,"w":108,"h":120},
	"dm0070007":{"x":1762,"y":226,"w":108,"h":120},
	"dm0070008":{"x":1870,"y":226,"w":108,"h":119},
	"dm0070009":{"x":0,"y":346,"w":108,"h":119},
	"dm0070010":{"x":108,"y":346,"w":108,"h":119},
	"dm0070011":{"x":216,"y":346,"w":109,"h":119},
	"dm0070012":{"x":325,"y":346,"w":109,"h":119},
	"dm0070013":{"x":434,"y":346,"w":109,"h":119},
	"dm0070014":{"x":543,"y":346,"w":109,"h":119},
	"dm0070015":{"x":652,"y":346,"w":109,"h":119},
	"dm0070016":{"x":761,"y":346,"w":109,"h":119},
	"dm0070017":{"x":870,"y":346,"w":109,"h":119},
	"dm0070018":{"x":979,"y":346,"w":109,"h":119},
	"dm0070019":{"x":1088,"y":346,"w":109,"h":119},
	"dm0070020":{"x":1197,"y":346,"w":110,"h":119},
	"dm0070021":{"x":1307,"y":346,"w":110,"h":119},
	"dm0070022":{"x":1417,"y":346,"w":110,"h":119},
	"dm0070023":{"x":1527,"y":346,"w":116,"h":119},
	"dm0070024":{"x":1643,"y":346,"w":110,"h":119},
	"dm0070025":{"x":1753,"y":346,"w":110,"h":119},
	"dm0070026":{"x":1863,"y":346,"w":111,"h":119},
	"dm0070027":{"x":0,"y":465,"w":112,"h":119},
	"dm0070028":{"x":112,"y":465,"w":112,"h":119},
	"dm0070029":{"x":224,"y":465,"w":112,"h":119},
	"dm0070030":{"x":336,"y":465,"w":112,"h":119},
	"dm0070031":{"x":448,"y":465,"w":112,"h":119},
	"dm0070032":{"x":560,"y":465,"w":112,"h":118},
	"dm0070033":{"x":672,"y":465,"w":113,"h":120},
	"dm0070034":{"x":785,"y":465,"w":113,"h":120},
	"dm0070035":{"x":898,"y":465,"w":113,"h":120},
	"dm0070036":{"x":1011,"y":465,"w":113,"h":120},
	"dm0070037":{"x":1124,"y":465,"w":113,"h":120},
	"dm0070038":{"x":1237,"y":465,"w":113,"h":120},
	"dm0070039":{"x":1350,"y":465,"w":113,"h":120},
	"dm0070040":{"x":1463,"y":465,"w":112,"h":120},
	"dm0070041":{"x":1575,"y":465,"w":112,"h":118},
	"dm0070042":{"x":1687,"y":465,"w":112,"h":118},
	"dm0070043":{"x":1799,"y":465,"w":112,"h":119},
	"dm0070044":{"x":1911,"y":465,"w":112,"h":119},
	"dm0070045":{"x":0,"y":585,"w":112,"h":119},
	"dm0070046":{"x":112,"y":585,"w":112,"h":119},
	"dm0070047":{"x":224,"y":585,"w":110,"h":119},
	"dm0070048":{"x":334,"y":585,"w":110,"h":119},
	"dm0070049":{"x":444,"y":585,"w":110,"h":119},
	"dm0070050":{"x":554,"y":585,"w":110,"h":119},
	"dm0070051":{"x":664,"y":585,"w":110,"h":119},
	"dm0070052":{"x":774,"y":585,"w":110,"h":119},
	"dm0070053":{"x":884,"y":585,"w":110,"h":119},
	"dm0070054":{"x":994,"y":585,"w":109,"h":119},
	"dm0070055":{"x":1103,"y":585,"w":109,"h":119},
	"dm0070056":{"x":1212,"y":585,"w":109,"h":119},
	"dm0070057":{"x":1321,"y":585,"w":109,"h":119},
	"dm0070058":{"x":1430,"y":585,"w":109,"h":119},
	"dm0070059":{"x":1539,"y":585,"w":109,"h":119},
	"dm0070060":{"x":1648,"y":585,"w":109,"h":119},
	"dm0070061":{"x":1757,"y":585,"w":109,"h":119},
	"dm0070062":{"x":1866,"y":585,"w":109,"h":119},
	"dm0070063":{"x":0,"y":704,"w":109,"h":119},
	"dm0070064":{"x":109,"y":704,"w":108,"h":119},
	"dm0070065":{"x":217,"y":704,"w":108,"h":119},
	"dm0070066":{"x":325,"y":704,"w":108,"h":119},
	"dm0070067":{"x":433,"y":704,"w":108,"h":119},
	"dm0070068":{"x":541,"y":704,"w":108,"h":120},
	"dm0070069":{"x":649,"y":704,"w":108,"h":120},
	"dm0070070":{"x":757,"y":704,"w":108,"h":120},
	"dm0070071":{"x":865,"y":704,"w":109,"h":120},
	"dm0070072":{"x":974,"y":704,"w":109,"h":120},
	"dm0070073":{"x":1083,"y":704,"w":108,"h":120},
	"dm0070074":{"x":1191,"y":704,"w":109,"h":120},
	"dm0070075":{"x":1002,"y":226,"w":109,"h":120},
	"dw0010000":{"x":1300,"y":704,"w":64,"h":37},
	"dw0010007":{"x":1364,"y":704,"w":64,"h":38},
	"dw0010015":{"x":1428,"y":704,"w":64,"h":37},
	"dw0010023":{"x":1492,"y":704,"w":64,"h":38},
	"dw0020000":{"x":1556,"y":704,"w":57,"h":44},
	"dw0020007":{"x":1613,"y":704,"w":57,"h":43},
	"dw0020015":{"x":1670,"y":704,"w":57,"h":42},
	"dw0020023":{"x":1727,"y":704,"w":57,"h":43},
	"dw0030000":{"x":1784,"y":704,"w":65,"h":42},
	"dw0030007":{"x":1849,"y":704,"w":66,"h":44},
	"dw0030015":{"x":1915,"y":704,"w":65,"h":42},
	"dw0030023":{"x":1980,"y":704,"w":66,"h":44},
	"dw0040000":{"x":0,"y":824,"w":62,"h":47},
	"dw0040007":{"x":62,"y":824,"w":62,"h":45},
	"dw0040015":{"x":124,"y":824,"w":62,"h":46},
	"dw0040023":{"x":186,"y":824,"w":62,"h":47},
	"dw0050000":{"x":248,"y":824,"w":74,"h":46},
	"dw0050007":{"x":322,"y":824,"w":74,"h":45},
	"dw0050015":{"x":396,"y":824,"w":74,"h":45},
	"dw0050023":{"x":470,"y":824,"w":74,"h":46},
	"dw0060000":{"x":544,"y":824,"w":74,"h":50},
	"dw0060007":{"x":618,"y":824,"w":74,"h":51},
	"dw0060015":{"x":692,"y":824,"w":74,"h":50},
	"dw0060023":{"x":766,"y":824,"w":74,"h":52},
	"dw0070000":{"x":840,"y":824,"w":49,"h":57},
	"dw0070005":{"x":889,"y":824,"w":48,"h":59},
	"dw0070010":{"x":937,"y":824,"w":49,"h":58},
	"dw0070015":{"x":986,"y":824,"w":50,"h":59},
	"dw0070020":{"x":1036,"y":824,"w":50,"h":59},
	"dw0070025":{"x":1086,"y":824,"w":51,"h":59},
	"dw0080000":{"x":1137,"y":824,"w":54,"h":59},
	"dw0080005":{"x":1191,"y":824,"w":54,"h":58},
	"dw0080010":{"x":1245,"y":824,"w":54,"h":59},
	"dw0080015":{"x":1299,"y":824,"w":54,"h":59},
	"dw0080020":{"x":1353,"y":824,"w":54,"h":60},
	"dw0080025":{"x":1407,"y":824,"w":54,"h":59},
	"dw0090000":{"x":1461,"y":824,"w":73,"h":65},
	"dw0090005":{"x":1534,"y":824,"w":73,"h":65},
	"dw0090010":{"x":1607,"y":824,"w":72,"h":64},
	"dw0090015":{"x":1679,"y":824,"w":72,"h":66},
	"dw0090020":{"x":1751,"y":824,"w":73,"h":67},
	"dw0090025":{"x":1824,"y":824,"w":73,"h":65},
	"dw0100000":{"x":1897,"y":824,"w":54,"h":52},
	"dw0100005":{"x":1951,"y":824,"w":56,"h":53},
	"dw0100010":{"x":0,"y":891,"w":58,"h":51},
	"dw0100015":{"x":58,"y":891,"w":57,"h":52},
	"dw0100020":{"x":115,"y":891,"w":54,"h":53},
	"dw0100025":{"x":169,"y":891,"w":51,"h":52},
	"dw0110000":{"x":220,"y":891,"w":63,"h":56},
	"dw0110005":{"x":283,"y":891,"w":64,"h":57},
	"dw0110010":{"x":347,"y":891,"w":64,"h":55},
	"dw0110015":{"x":411,"y":891,"w":64,"h":56},
	"dw0110020":{"x":475,"y":891,"w":63,"h":57},
	"dw0110025":{"x":538,"y":891,"w":61,"h":55},
	"dw0120000":{"x":599,"y":891,"w":67,"h":64},
	"dw0120006":{"x":666,"y":891,"w":71,"h":63},
	"dw0120012":{"x":737,"y":891,"w":72,"h":63},
	"dw0120018":{"x":809,"y":891,"w":71,"h":63},
	"dw0120024":{"x":880,"y":891,"w":67,"h":64},
	"dw0120030":{"x":947,"y":891,"w":64,"h":66},
	"dw0130000":{"x":1011,"y":891,"w":57,"h":60},
	"dw0130005":{"x":1068,"y":891,"w":56,"h":61},
	"dw0130010":{"x":1124,"y":891,"w":54,"h":62},
	"dw0130015":{"x":1178,"y":891,"w":54,"h":60},
	"dw0130020":{"x":1232,"y":891,"w":55,"h":61},
	"dw0130025":{"x":1287,"y":891,"w":56,"h":60},
	"dw0130030":{"x":1343,"y":891,"w":57,"h":62},
	"dw0130035":{"x":1400,"y":891,"w":58,"h":60},
	"dw0140000":{"x":1458,"y":891,"w":57,"h":64},
	"dw0140005":{"x":1515,"y":891,"w":58,"h":65},
	"dw0140010":{"x":1573,"y":891,"w":61,"h":65},
	"dw0140015":{"x":1634,"y":891,"w":62,"h":65},
	"dw0140020":{"x":1696,"y":891,"w":63,"h":65},
	"dw0140025":{"x":1759,"y":891,"w":61,"h":65},
	"dw0140030":{"x":1820,"y":891,"w":58,"h":65},
	"dw0140035":{"x":1878,"y":891,"w":55,"h":65},
	"dw0150000":{"x":1933,"y":891,"w":109,"h":78},
	"dw0150005":{"x":0,"y":969,"w":111,"h":77},
	"dw0150010":{"x":111,"y":969,"w":112,"h":77},
	"dw0150015":{"x":223,"y":969,"w":113,"h":78},
	"dw0150020":{"x":336,"y":969,"w":113,"h":78},
	"dw0150025":{"x":449,"y":969,"w":111,"h":78},
	"dw0150030":{"x":560,"y":969,"w":111,"h":78},
	"dw0150035":{"x":671,"y":969,"w":110,"h":78},
	"dw0160000":{"x":781,"y":969,"w":52,"h":55},
	"dw0160009":{"x":833,"y":969,"w":53,"h":55},
	"dw0160018":{"x":886,"y":969,"w":54,"h":55},
	"dw0160027":{"x":940,"y":969,"w":53,"h":55},
	"dw0170000":{"x":993,"y":969,"w":55,"h":55},
	"dw0170009":{"x":1048,"y":969,"w":55,"h":55},
	"dw0170018":{"x":1103,"y":969,"w":56,"h":56},
	"dw0170027":{"x":1159,"y":969,"w":55,"h":56},
	"dw0180000":{"x":1214,"y":969,"w":66,"h":71},
	"dw0180009":{"x":1280,"y":969,"w":71,"h":72},
	"dw0180018":{"x":1351,"y":969,"w":69,"h":71},
	"dw0180027":{"x":1420,"y":969,"w":71,"h":70},
	"kw0010000":{"x":1491,"y":969,"w":57,"h":32},
	"kw0010005":{"x":1548,"y":969,"w":57,"h":29},
	"kw0010010":{"x":1605,"y":969,"w":58,"h":35},
	"kw0010017":{"x":1663,"y":969,"w":56,"h":29},
	"kw0020000":{"x":1719,"y":969,"w":49,"h":32},
	"kw0020005":{"x":1768,"y":969,"w":49,"h":31},
	"kw0020010":{"x":1817,"y":969,"w":49,"h":36},
	"kw0020017":{"x":1866,"y":969,"w":48,"h":31},
	"kw0030000":{"x":1914,"y":969,"w":63,"h":41},
	"kw0030005":{"x":1977,"y":969,"w":62,"h":40},
	"kw0030010":{"x":0,"y":1047,"w":62,"h":50},
	"kw0030017":{"x":62,"y":1047,"w":61,"h":40},
	"kw0040000":{"x":123,"y":1047,"w":58,"h":40},
	"kw0040005":{"x":181,"y":1047,"w":59,"h":34},
	"kw0040010":{"x":240,"y":1047,"w":59,"h":42},
	"kw0040017":{"x":299,"y":1047,"w":59,"h":33},
	"kw0050000":{"x":358,"y":1047,"w":58,"h":37},
	"kw0050005":{"x":416,"y":1047,"w":58,"h":34},
	"kw0050010":{"x":474,"y":1047,"w":58,"h":43},
	"kw0050017":{"x":532,"y":1047,"w":58,"h":34},
	"kw0060000":{"x":590,"y":1047,"w":67,"h":48},
	"kw0060005":{"x":657,"y":1047,"w":67,"h":38},
	"kw0060010":{"x":724,"y":1047,"w":67,"h":48},
	"kw0060017":{"x":791,"y":1047,"w":67,"h":38}
}
}