{
"mc": {
	"zs001": {
		"frameRate":30,
		"labels": [
		],
		"frames": [
			{"res":"zs0010000","x":-40.35,"y":-51.8},
			{"res":"zs0010001","x":-40.35,"y":-51.8},
			{"res":"zs0010002","x":-40.35,"y":-51.8},
			{"res":"zs0010003","x":-40.35,"y":-51.8},
			{"res":"zs0010004","x":-40.35,"y":-51.8},
			{"res":"zs0010005","x":-40.35,"y":-51.8},
			{"res":"zs0010006","x":-40.35,"y":-51.8},
			{"res":"zs0010007","x":-40.35,"y":-51.8},
			{"res":"zs0010008","x":-40.35,"y":-51.8},
			{"res":"zs0010009","x":-40.35,"y":-51.8},
			{"res":"zs0010010","x":-40.35,"y":-51.8},
			{"res":"zs0010011","x":-40.35,"y":-51.8},
			{"res":"zs0010012","x":-40.35,"y":-51.8},
			{"res":"zs0010013","x":-40.35,"y":-51.8},
			{"res":"zs0010014","x":-40.35,"y":-51.8},
			{"res":"zs0010015","x":-40.35,"y":-51.8},
			{"res":"zs0010016","x":-40.35,"y":-51.8},
			{"res":"zs0010017","x":-40.35,"y":-51.8},
			{"res":"zs0010018","x":-40.35,"y":-51.8},
			{"res":"zs0010019","x":-40.35,"y":-51.8},
			{"res":"zs0010020","x":-40.35,"y":-51.8},
			{"res":"zs0010021","x":-40.35,"y":-51.8},
			{"res":"zs0010022","x":-40.35,"y":-51.8},
			{"res":"zs0010023","x":-40.35,"y":-51.8},
			{"res":"zs0010024","x":-40.35,"y":-51.8},
			{"res":"zs0010025","x":-40.35,"y":-51.8}
		]
	},
	"zs001g": {
		"frameRate":30,
		"labels": [
			{"name":"attack","frame":8}
		],
		"frames": [
			{"res":"zs001g0000","x":-49.9,"y":-69.85,"duration":3},
			{"res":"zs001g0003","x":-49.9,"y":-69.85,"duration":4},
			{"res":"zs001g0007","x":-49.9,"y":-69.85},
			{"res":"zs001g0008","x":-49.9,"y":-69.85},
			{"res":"zs001g0009","x":-49.9,"y":-69.85},
			{"res":"zs001g0010","x":-49.9,"y":-69.85,"duration":6}
		]
	}
},
"res": {
	"zs0010000":{"x":0,"y":0,"w":59,"h":58},
	"zs0010001":{"x":59,"y":0,"w":59,"h":58},
	"zs0010002":{"x":118,"y":0,"w":59,"h":58},
	"zs0010003":{"x":177,"y":0,"w":59,"h":58},
	"zs0010004":{"x":236,"y":0,"w":59,"h":58},
	"zs0010005":{"x":295,"y":0,"w":59,"h":58},
	"zs0010006":{"x":354,"y":0,"w":59,"h":58},
	"zs0010007":{"x":413,"y":0,"w":59,"h":58},
	"zs0010008":{"x":0,"y":58,"w":59,"h":58},
	"zs0010009":{"x":59,"y":58,"w":59,"h":58},
	"zs0010010":{"x":118,"y":58,"w":59,"h":58},
	"zs0010011":{"x":177,"y":58,"w":59,"h":58},
	"zs0010012":{"x":236,"y":58,"w":59,"h":58},
	"zs0010013":{"x":295,"y":58,"w":59,"h":58},
	"zs0010014":{"x":118,"y":58,"w":59,"h":58},
	"zs0010015":{"x":354,"y":58,"w":59,"h":58},
	"zs0010016":{"x":413,"y":58,"w":59,"h":58},
	"zs0010017":{"x":0,"y":116,"w":59,"h":58},
	"zs0010018":{"x":59,"y":116,"w":59,"h":58},
	"zs0010019":{"x":118,"y":116,"w":59,"h":58},
	"zs0010020":{"x":177,"y":116,"w":59,"h":58},
	"zs0010021":{"x":236,"y":116,"w":59,"h":58},
	"zs0010022":{"x":295,"y":116,"w":59,"h":58},
	"zs0010023":{"x":354,"y":116,"w":59,"h":58},
	"zs0010024":{"x":413,"y":116,"w":59,"h":58},
	"zs0010025":{"x":0,"y":0,"w":59,"h":58},
	"zs001g0000":{"x":0,"y":174,"w":108,"h":83},
	"zs001g0003":{"x":108,"y":174,"w":108,"h":83},
	"zs001g0007":{"x":216,"y":174,"w":108,"h":83},
	"zs001g0008":{"x":324,"y":174,"w":108,"h":83},
	"zs001g0009":{"x":0,"y":257,"w":108,"h":83},
	"zs001g0010":{"x":108,"y":257,"w":108,"h":83}
}
}