[
{"Level":"1","name":"1级战士","ID":"zs001","range":"100","dt":"1","air":"1","dmg":"15","spd":"1","crit":"10","ata":"1","amount":"1","extra":"0","price":"100","sell":"50","nextlev":"zs002","info":" "},
{"Level":"2","name":"2级战士","ID":"zs002","range":"110","dt":"1","air":"1","dmg":"30","spd":"0.9","crit":"10","ata":"1","amount":"1","extra":"0","price":"200","sell":"100","nextlev":"zs003","info":"无"},
{"Level":"3","name":"3级战士","ID":"zs003","range":"120","dt":"1","air":"1","dmg":"45","spd":"0.8","crit":"10","ata":"1","amount":"1","extra":"0","price":"300","sell":"150","nextlev":"zs004","info":"无"},
{"Level":"4","name":"4级战士","ID":"zs004","range":"130","dt":"1","air":"1","dmg":"60","spd":"0.7","crit":"10","ata":"1","amount":"1","extra":"0","price":"400","sell":"200","nextlev":"zs005","info":"无"},
{"Level":"5","name":"5级战士","ID":"zs005","range":"140","dt":"1","air":"1","dmg":"80","spd":"0.6","crit":"10","ata":"1","amount":"1","extra":"0","price":"500","sell":"250","nextlev":"zs006,zs007","info":"无"},
{"Level":"6","name":"剑圣","ID":"zs006","range":"100","dt":"1","air":"1","dmg":"160","spd":"0.5","crit":"30","ata":"1","amount":"1","extra":"0","price":"600","sell":"300","nextlev":"NA","info":"无"},
{"Level":"6","name":"刀圣","ID":"zs007","range":"160","dt":"1","air":"2","dmg":"100","spd":"0.6","crit":"15","ata":"1","amount":"1","extra":"0","price":"600","sell":"300","nextlev":"NA","info":"远程刀波可对空"},
{"Level":"1","name":"1级游侠","ID":"yx001","range":"150","dt":"1","air":"2","dmg":"5","spd":"0.8","crit":"20","ata":"1","amount":"1","extra":"0","price":"150","sell":"50","nextlev":"yx002","info":"无"},
{"Level":"2","name":"2级游侠","ID":"yx002","range":"160","dt":"1","air":"2","dmg":"10","spd":"0.7","crit":"20","ata":"1","amount":"1","extra":"0","price":"250","sell":"100","nextlev":"yx003","info":"无"},
{"Level":"3","name":"3级游侠","ID":"yx003","range":"170","dt":"1","air":"2","dmg":"15","spd":"0.6","crit":"20","ata":"1","amount":"1","extra":"0","price":"350","sell":"150","nextlev":"yx004","info":"无"},
{"Level":"4","name":"4级游侠","ID":"yx004","range":"180","dt":"1","air":"2","dmg":"30","spd":"0.8","crit":"20","ata":"1","amount":"1","extra":"0","price":"450","sell":"200","nextlev":"yx005","info":"无"},
{"Level":"5","name":"5级游侠","ID":"yx005","range":"190","dt":"1","air":"2","dmg":"50","spd":"0.8","crit":"20","ata":"1","amount":"1","extra":"0","price":"550","sell":"250","nextlev":"yx006,yx007","info":"无"},
{"Level":"6","name":"鹰眼","ID":"yx006","range":"200","dt":"1","air":"2","dmg":"70","spd":"0.8","crit":"20","ata":"1","amount":"3","extra":"0","price":"650","sell":"300","nextlev":"NA","info":"连续对1个目标射出3箭"},
{"Level":"6","name":"猎神","ID":"yx007","range":"200","dt":"1","air":"2","dmg":"70","spd":"0.8","crit":"20","ata":"2","amount":"3","extra":"0","price":"650","sell":"300","nextlev":"NA","info":"散射同时射出三箭"},
{"Level":"1","name":"1级刺客","ID":"ck001","range":"60","dt":"1","air":"1","dmg":"10","spd":"0.5","crit":"30","ata":"1","amount":"1","extra":"2","price":"200","sell":"50","nextlev":"ck002","info":"无"},
{"Level":"2","name":"2级刺客","ID":"ck002","range":"70","dt":"1","air":"1","dmg":"20","spd":"0.5","crit":"30","ata":"1","amount":"1","extra":"4","price":"300","sell":"100","nextlev":"ck003","info":"无"},
{"Level":"3","name":"3级刺客","ID":"ck003","range":"80","dt":"1","air":"1","dmg":"30","spd":"0.5","crit":"30","ata":"1","amount":"1","extra":"6","price":"400","sell":"150","nextlev":"ck004","info":"无"},
{"Level":"4","name":"4级刺客","ID":"ck004","range":"90","dt":"1","air":"1","dmg":"40","spd":"0.5","crit":"30","ata":"1","amount":"1","extra":"8","price":"500","sell":"200","nextlev":"ck005","info":"无"},
{"Level":"5","name":"5级刺客","ID":"ck005","range":"100","dt":"1","air":"1","dmg":"50","spd":"0.5","crit":"30","ata":"1","amount":"1","extra":"10","price":"600","sell":"250","nextlev":"ck006,ck007","info":"无"},
{"Level":"6","name":"神偷","ID":"ck006","range":"110","dt":"1","air":"1","dmg":"60","spd":"0.5","crit":"40","ata":"1","amount":"1","extra":"15","price":"700","sell":"300","nextlev":"NA","info":"无"},
{"Level":"6","name":"死神","ID":"ck007","range":"110","dt":"1","air":"1","dmg":"110","spd":"0.5","crit":"40","ata":"1","amount":"1","extra":"0","price":"700","sell":"300","nextlev":"NA","info":"中毒伤害 10/秒"},
{"Level":"1","name":"1级法师","ID":"fs001","range":"120","dt":"2","air":"2","dmg":"10","spd":"0.9","crit":"10","ata":"1","amount":"1","extra":"0","price":"250","sell":"50","nextlev":"fs002","info":"无"},
{"Level":"2","name":"2级法师","ID":"fs002","range":"130","dt":"2","air":"2","dmg":"20","spd":"0.9","crit":"10","ata":"1","amount":"1","extra":"0","price":"300","sell":"100","nextlev":"fs003","info":"无"},
{"Level":"3","name":"3级法师","ID":"fs003","range":"140","dt":"2","air":"2","dmg":"30","spd":"0.9","crit":"10","ata":"1","amount":"1","extra":"0","price":"350","sell":"150","nextlev":"fs004","info":"无"},
{"Level":"4","name":"4级法师","ID":"fs004","range":"150","dt":"2","air":"2","dmg":"60","spd":"0.9","crit":"10","ata":"1","amount":"1","extra":"0","price":"400","sell":"200","nextlev":"fs005","info":"无"},
{"Level":"5","name":"5级法师","ID":"fs005","range":"160","dt":"2","air":"2","dmg":"100","spd":"0.9","crit":"10","ata":"1","amount":"1","extra":"0","price":"450","sell":"250","nextlev":"fs006,fs007","info":"无"},
{"Level":"6","name":"冰神","ID":"fs006","range":"180","dt":"2","air":"2","dmg":"150","spd":"0.9","crit":"20","ata":"1","amount":"1","extra":"0","price":"500","sell":"300","nextlev":"NA","info":"走到范围内减速到60%"},
{"Level":"6","name":"火神","ID":"fs007","range":"180","dt":"2","air":"2","dmg":"150","spd":"0.9","crit":"20","ata":"2","amount":"1","extra":"0","price":"550","sell":"300","nextlev":"NA","info":"群体伤害"}]