<component size="422,750">
  <displayList>
    <graph id="n0_7zsz" name="n0" xy="0,0" size="422,750" type="rect" lineSize="0" fillColor="#94000000">
      <relation target="" sidePair="width-width,height-height"/>
    </graph>
    <image id="n1_7zsz" name="n1" src="ficz2v" xy="11,57" size="501,791" scale="0.8,0.8"/>
    <list id="n12_jah4" name="n12" xy="39,102" size="360,581" overflow="scroll" lineGap="18" defaultItem="ui://y1w8mpywjah4t51">
      <item/>
      <item/>
      <item/>
    </list>
    <component id="n4_7zsz" name="n4" src="z4akk" xy="1,39"/>
    <image id="n13_jah4" name="n13" src="jah4t52" xy="122,39"/>
  </displayList>
</component>