<component size="72,21">
  <displayList>
    <text id="n0_d57p" name="n0" xy="0,0" pivot="0.5,0.5" anchor="true" size="19,24" fontSize="14" color="#ff0000" align="center" strokeColor="#ffffff" singleLine="true" text="-0"/>
  </displayList>
  <transition name="t0">
    <item time="0" type="Scale" target="n0_d57p" tween="true" startValue="0.5,0.5" endValue="1,1" duration="8"/>
    <item time="0" type="XY" target="n0_d57p" tween="true" startValue="0,0" endValue="0,-27" duration="11"/>
    <item time="8" type="Alpha" tween="true" startValue="1" endValue="0" duration="3"/>
    <item time="12" type="Alpha" value="1"/>
    <item time="12" type="Scale" target="n0_d57p" value="1,1"/>
    <item time="12" type="XY" target="n0_d57p" value="0,0"/>
  </transition>
</component>