<component size="422,750">
  <controller name="c1" pages="0,,1," selected="1"/>
  <displayList>
    <graph id="n108_ficz" name="n108" xy="0,0" size="422,750" type="rect" lineSize="0" fillColor="#94000000">
      <relation target="" sidePair="width-width,height-height"/>
    </graph>
    <image id="n107_ficz" name="n107" src="ficz2v" xy="11,204" size="501,327" group="n115_iurb" scale="0.8,0.8"/>
    <component id="n109_ficz" name="n109" src="z4akk" xy="362,187" group="n115_iurb"/>
    <component id="n111_ficz" name="b1" src="okx42" pkg="lk73k1zm" xy="56,351" pivot="0.5,0.5" size="139,72" group="n115_iurb" touchable="false" grayed="true" filter="color" filterData="0.00,0.00,0.00,-0.99">
      <gearLook controller="c1" pages="1" values="1,0,1,0" default="1,0,0,1"/>
      <Button title="是"/>
    </component>
    <text id="n112_ficz" name="n112" xy="26,248" size="373,108" group="n115_iurb" font="微软雅黑 Light" fontSize="20" color="#663300" align="center" autoSize="none" bold="true" strokeColor="#ffffff" text="要花费500金币购买这个升级吗？升级后可以在游戏里建造这个级别的防御塔。"/>
    <component id="n113_ficz" name="b2" src="okx42" pkg="lk73k1zm" xy="229,351" pivot="0.5,0.5" size="139,72" group="n115_iurb">
      <Button title="不"/>
    </component>
    <text id="n114_iurb" name="n114" xy="96,422" size="248,25" group="n115_iurb" font="微软雅黑 Light" fontSize="16" color="#ff0000" align="center" autoSize="none" bold="true" strokeColor="#ffffff" text="你的金币不够！">
      <gearDisplay controller="c1" pages="1"/>
    </text>
    <group id="n115_iurb" name="n115" xy="11,187" size="501,344" advanced="true">
      <relation target="" sidePair="top-top%,center-center"/>
    </group>
  </displayList>
</component>