<component size="422,750">
  <controller name="c1" pages="0,成功,1,失败" selected="0"/>
  <displayList>
    <graph id="n0_ficz" name="n0" xy="0,0" size="422,750" type="rect" lineSize="0" fillColor="#94000000"/>
    <component id="n1_ficz" name="n1" src="mjx0t46" xy="29,72" pivot="0.5,0.5" size="534,512">
      <gearDisplay controller="c1" pages="0"/>
    </component>
    <component id="n2_ficz" name="btn2" src="okx42" pkg="lk73k1zm" xy="94,538" pivot="0.5,0.5" size="234,72" filter="color" filterData="0.00,0.00,0.00,-1.00">
      <gearXY controller="c1" pages="0" values="94,538" default="94,585"/>
      <relation target="n12_ficz" sidePair="top-top%,center-center"/>
      <Button title="返回地图"/>
    </component>
    <component id="n12_ficz" name="btn1" src="okx42" pkg="lk73k1zm" xy="94,505" pivot="0.5,0.5" size="234,72">
      <gearDisplay controller="c1" pages="1"/>
      <Button title="再打一次"/>
    </component>
    <image id="n10_ficz" name="n10" src="ficz31" xy="4,107" group="n14_dc1a"/>
    <text id="n13_ficz" name="n13" xy="26,390" size="376,61" group="n14_dc1a" font="微软雅黑 Light" fontSize="20" color="#ffffff" autoSize="none" text="换个打法或者尝试打简单的图累积金币后升级防御塔。"/>
    <group id="n14_dc1a" name="n14" xy="4,107" size="415,344" advanced="true">
      <gearDisplay controller="c1" pages="1"/>
      <relation target="" sidePair="top-top%,center-center"/>
    </group>
    <component id="n15_fn36" name="n15" src="vq7yt4s" xy="173,661" scale="0.8,0.8" filter="color" filterData="0.00,0.00,0.00,1.00">
      <relation target="n12_ficz" sidePair="top-top%"/>
    </component>
  </displayList>
  <transition name="t3">
    <item time="0" type="Scale" target="n1_ficz" tween="true" startValue="1.5,1.5" endValue="1,1" duration="6" ease="Linear"/>
    <item time="0" type="XY" target="n1_ficz" tween="true" startValue="75,62" endValue="25,62" duration="6"/>
  </transition>
</component>