<component size="106,98" pivot="0.5,0.5" opaque="false">
  <controller name="c1" pages="0,右,1,左,2,上,3,下" selected="0"/>
  <displayList>
    <component id="n52_g9qf" name="n52" src="helg13" xy="25,19"/>
    <text id="n54_g9qf" name="title" xy="32,36" size="44,31" font="微软雅黑" fontSize="20" color="#ffffff" align="center" autoSize="none" shadowColor="#000000" shadowOffset="1,1" text="60"/>
    <image id="n55_g9qf" name="n55" src="helg14" xy="76,29">
      <gearDisplay controller="c1" pages="0"/>
    </image>
    <image id="n56_g9qf" name="n56" src="helg14" xy="31,70" rotation="-180">
      <gearDisplay controller="c1" pages="1"/>
    </image>
    <image id="n57_g9qf" name="n57" src="helg14" xy="75,68" rotation="90">
      <gearDisplay controller="c1" pages="3"/>
    </image>
    <image id="n58_g9qf" name="n58" src="helg14" xy="33,30" rotation="-90">
      <gearDisplay controller="c1" pages="2"/>
    </image>
  </displayList>
</component>