<component size="422,750">
  <displayList>
    <graph id="n51_gkuz" name="n51" xy="0,0" size="422,750" type="rect" lineSize="0" fillColor="#94000000">
      <relation target="" sidePair="width-width%,height-height%"/>
    </graph>
    <image id="n52_gkuz" name="n52" src="z4akg" xy="5,52" size="412,641">
      <relation target="n51_gkuz" sidePair="width-width%,height-height%"/>
    </image>
    <component id="n68_gkuz" name="n68" src="z4akk" xy="362,34" size="60,60">
      <relation target="n52_gkuz" sidePair="right-right%"/>
    </component>
    <image id="n81_gkuz" name="n81" src="gkuz2h" xy="37,54" size="112,69">
      <relation target="n52_gkuz" sidePair="left-left%"/>
    </image>
    <image id="n110_ficz" name="n110" src="ficz30" xy="178,81" size="38,38"/>
    <text id="n111_ficz" name="n111" xy="218,84" size="109,40" font="微软雅黑 Light" fontSize="28" color="#663300" vAlign="middle" autoSize="none" bold="true" strokeColor="#ffffff" text="0"/>
    <image id="n53_gkuz" name="n53" src="p8vx1m" xy="159,184" size="15,438"/>
    <image id="n58_gkuz" name="n58" src="p8vx1m" xy="248,184" size="15,438"/>
    <image id="n62_gkuz" name="n62" src="p8vx1m" xy="337,184" size="15,438"/>
    <image id="n72_gkuz" name="n72" src="p8vx1m" xy="70,184" size="15,438">
      <relation target="n52_gkuz" sidePair="left-left%,top-top%"/>
    </image>
    <image id="n82_gkuz" name="n82" src="gkuz2l" xy="35,131" size="85,85">
      <relation target="n52_gkuz" sidePair="left-left%,top-top%"/>
    </image>
    <image id="n83_gkuz" name="n83" src="gkuz2k" xy="124,130" size="85,85"/>
    <image id="n84_gkuz" name="n84" src="gkuz2j" xy="302,130" size="85,85"/>
    <image id="n85_gkuz" name="n85" src="gkuz2i" xy="213,130" size="85,85"/>
    <component id="n86_gkuz" name="zs002" src="gkuz2q" xy="35,238" size="85,85">
      <relation target="n52_gkuz" sidePair="left-left%,top-top%"/>
    </component>
    <component id="n112_nqag" name="yx002" src="gkuz2q" xy="124,238" size="85,85"/>
    <component id="n113_nqag" name="ck002" src="gkuz2q" xy="214,238" size="85,85"/>
    <component id="n114_nqag" name="fs002" src="gkuz2q" xy="301,237" size="85,85"/>
    <component id="n121_iurb" name="zs003" src="gkuz2q" xy="36,348" size="85,85"/>
    <component id="n122_iurb" name="yx003" src="gkuz2q" xy="124,348" size="85,85"/>
    <component id="n123_iurb" name="ck003" src="gkuz2q" xy="215,348" size="85,85"/>
    <component id="n124_iurb" name="fs003" src="gkuz2q" xy="302,347" size="85,85"/>
    <component id="n125_iurb" name="zs004" src="gkuz2q" xy="37,457" size="85,85"/>
    <component id="n126_iurb" name="yx004" src="gkuz2q" xy="126,457" size="85,85"/>
    <component id="n127_iurb" name="ck004" src="gkuz2q" xy="216,457" size="85,85"/>
    <component id="n128_iurb" name="fs004" src="gkuz2q" xy="303,456" size="85,85"/>
    <component id="n129_iurb" name="zs005" src="gkuz2q" xy="36,567" size="85,85"/>
    <component id="n130_iurb" name="yx005" src="gkuz2q" xy="125,567" size="85,85"/>
    <component id="n131_iurb" name="ck005" src="gkuz2q" xy="215,567" size="85,85"/>
    <component id="n132_iurb" name="fs005" src="gkuz2q" xy="302,566" size="85,85"/>
  </displayList>
</component>