<component size="422,750">
  <displayList>
    <graph id="n23_gkuz" name="n23" xy="0,0" size="422,750" type="rect" lineSize="0" fillColor="#94000000"/>
    <image id="n24_gkuz" name="n24" src="z4akg" xy="41,208" size="343,334"/>
    <component id="n27_gkuz" name="btn1" src="okx42" pkg="lk73k1zm" xy="93,307" pivot="0.5,0.5" size="234,72">
      <relation target="" sidePair="top-top%,center-center"/>
      <Button title="返回游戏"/>
    </component>
    <image id="n28_gkuz" name="n28" src="gkuz2b" xy="53,216"/>
    <component id="n30_7kt3" name="btn2" src="okx42" pkg="lk73k1zm" xy="95,411" pivot="0.5,0.5" size="234,72">
      <relation target="" sidePair="top-top%,center-center"/>
      <Button title="退出关卡"/>
    </component>
  </displayList>
</component>