<component size="358,58">
  <controller name="c1" pages="0,颜色1,1,颜色2" selected="1"/>
  <displayList>
    <graph id="n16_gsdv" name="n16" xy="0,0" size="358,58" type="rect" lineSize="0" fillColor="#4d009966">
      <gearDisplay controller="c1" pages="1"/>
    </graph>
    <graph id="n8_gsdv" name="n8" xy="0,0" size="358,58" type="rect" lineSize="0" fillColor="#4d66ffff">
      <gearDisplay controller="c1" pages="0"/>
    </graph>
    <graph id="n10_gsdv" name="n10" xy="4,4" size="50,50" type="rect" lineSize="0"/>
    <image id="n17_gsdv" name="n17" src="gsdvt3y" xy="6,6" size="46,46"/>
    <text id="n14_gsdv" name="n14" xy="60,14" size="143,35" font="微软雅黑" fontSize="20" color="#660000" align="center" autoSize="none" strokeColor="#ffffff" text="传动力工作室"/>
    <text id="n15_gsdv" name="n15" xy="204,13" size="149,35" font="微软雅黑" fontSize="24" color="#333399" align="center" letterSpacing="2" autoSize="height" strokeColor="#ffffff" text="8888888"/>
  </displayList>
</component>