<component size="66,66" extention="Button">
  <controller name="button" pages="0,up,1,down,2,over,3,selectedOver" selected="0"/>
  <displayList>
    <image id="n1" name="n1" src="hi9w18" xy="0,0" size="66,66">
      <gearDisplay controller="button" pages="0,2"/>
      <relation target="" sidePair="width-width,height-height"/>
    </image>
    <image id="n2" name="n2" src="hi9w18" xy="-5,-5" size="66,66" scale="1.1,1.1" filter="color" filterData="0.18,0.00,0.00,0.00">
      <gearDisplay controller="button" pages="1,3"/>
      <relation target="" sidePair="width-width,height-height"/>
    </image>
    <graph id="n3_hi9w" name="n3" xy="3,40" size="59,23" type="rect" lineSize="0" fillColor="#40000000" corner="5"/>
    <text id="n4_hi9w" name="title" xy="7,41" size="55,23" font="微软雅黑" fontSize="14" color="#00ff00" align="center" autoSize="none" bold="true" text="50"/>
    <image id="n5_htcf" name="n5" src="ficz2u" xy="6,2" size="50,50">
      <gearDisplay controller="button" pages="1,3"/>
    </image>
  </displayList>
  <Button mode="Radio"/>
</component>