<component size="66,66" extention="Button">
  <controller name="button" pages="0,up,1,down,2,over,3,selectedOver" selected="3"/>
  <displayList>
    <image id="n1" name="n1" src="hi9w1a" xy="0,0" size="66,66"/>
    <graph id="n3_hi9w" name="n3" xy="7,43" size="53,17" type="rect" lineSize="0" fillColor="#94000000"/>
    <text id="n4_hi9w" name="title" xy="4,41" size="59,23" font="微软雅黑" fontSize="14" color="#00ff00" align="center" autoSize="none" bold="true" text="50"/>
    <image id="n5_htcf" name="n5" src="ficz2u" xy="7,8" size="50,50">
      <gearDisplay controller="button" pages="1,3"/>
    </image>
  </displayList>
  <Button mode="Radio"/>
</component>