<component size="66,66" extention="Button">
  <controller name="button" pages="0,up,1,down,2,over,3,selectedOver" selected="3"/>
  <displayList>
    <image id="n1" name="n1" src="hi9w1b" xy="0,0" size="66,66">
      <relation target="" sidePair="width-width,height-height"/>
    </image>
    <graph id="n3_hi9w" name="n3" xy="6,37" size="54,23" type="rect" lineSize="0" fillColor="#94000000" corner="5"/>
    <text id="n4_hi9w" name="title" xy="7,38" size="54,23" font="微软雅黑" fontSize="14" color="#00ff00" align="center" autoSize="none" bold="true" text="50"/>
    <image id="n5_htcf" name="n5" src="ficz2u" xy="8,9" size="50,50">
      <gearDisplay controller="button" pages="1,3"/>
    </image>
  </displayList>
  <Button mode="Radio"/>
</component>