<component size="95,91" extention="Button">
  <controller name="button" pages="0,up,1,down,2,over,3,selectedOver" selected="0"/>
  <displayList>
    <image id="n1" name="n1" src="jah4t53" xy="0,0">
      <gearDisplay controller="button" pages="0,2"/>
      <relation target="" sidePair="width-width,height-height"/>
    </image>
    <image id="n2" name="n2" src="jah4t53" xy="0,0" filter="color" filterData="0.18,0.00,0.00,0.00">
      <gearDisplay controller="button" pages="1,3"/>
      <relation target="" sidePair="width-width,height-height"/>
    </image>
    <component id="n3_jah4" name="n3" src="z4akk" xy="66,-1" scale="0.5,0.5">
      <gearDisplay controller="button" pages="1,3"/>
    </component>
  </displayList>
  <Button mode="Check"/>
</component>