<component size="348,150">
  <displayList>
    <image id="n3_7zsz" name="n3" src="z4akg" xy="0,0" size="695,297" scale="0.5,0.5"/>
    <component id="n6_7zsz" name="n6" src="r405t56" xy="22,43"/>
    <text id="n8_7zsz" name="n8" xy="120,49" size="59,28" fontSize="18" strokeColor="#ffffff" text="价格："/>
    <text id="n9_jah4" name="n9" xy="180,49" size="136,28" fontSize="18" autoSize="none" strokeColor="#ffffff" text="1000.0000CDL"/>
    <text id="n10_jah4" name="n10" xy="18,11" size="312,28" fontSize="18" color="#663300" align="center" autoSize="none" strokeColor="#ffffff" text="钱袋子（游戏里金钱增加100）"/>
    <component id="n11_jah4" name="b1" src="okx42" pkg="lk73k1zm" xy="145,82" pivot="0.5,0.5" size="139,51" filter="color" filterData="0.00,0.00,0.00,-0.99">
      <Button title="购 买"/>
    </component>
  </displayList>
</component>