<component size="534,512">
  <displayList>
    <image id="n1_ficz" name="n1" src="ficz2z" xy="0,0" size="362,379"/>
    <image id="n3_ficz" name="n3" src="ficz2v" xy="33,254" size="501,258" scale="0.6,0.6"/>
    <text id="n4_ficz" name="n4" xy="156,281" size="24,40" font="微软雅黑 Light" fontSize="28" color="#663300" autoSize="none" bold="true" strokeColor="#ffffff" text="x"/>
    <image id="n5_ficz" name="n5" src="ficz30" xy="107,280" size="38,38"/>
    <text id="n6_ficz" name="n6" xy="180,282" size="109,40" font="微软雅黑 Light" fontSize="28" color="#663300" autoSize="none" bold="true" strokeColor="#ffffff" text="100"/>
    <text id="n8_ficz" name="n8" xy="53,338" size="262,40" font="微软雅黑 Light" fontSize="28" color="#663300" align="center" autoSize="none" bold="true" strokeColor="#ffffff" text="耗时：60：60"/>
  </displayList>
  <transition name="t0"/>
</component>