<component size="422,750" overflow="scroll" scrollBarFlags="144">
  <displayList>
    <loader id="n52_qddr" name="n52" xy="0,0" size="422,750" url="https://ys2.yccdlwl.com/images/m001.jpg"/>
    <loader id="n53_qddr" name="n53" xy="0,750" size="422,750" url="https://ys2.yccdlwl.com/images/m002.jpg"/>
    <component id="n3_ycfw" name="m001" src="ycfwd" xy="53,126"/>
    <component id="n5_ycfw" name="m002" src="ycfwd" xy="237,138"/>
    <component id="n6_ycfw" name="m003" src="ycfwd" xy="197,285"/>
    <component id="n7_ycfw" name="m004" src="ycfwd" xy="47,399"/>
    <component id="n8_ycfw" name="m005" src="ycfwd" xy="223,471"/>
    <component id="n9_ycfw" name="m006" src="ycfwd" xy="202,615"/>
    <component id="n10_ycfw" name="m007" src="ycfwd" xy="32,695"/>
    <component id="n11_ycfw" name="m008" src="ycfwd" xy="194,789"/>
    <component id="n12_ycfw" name="m009" src="ycfwd" xy="277,921" visible="false" touchable="false" grayed="true"/>
    <component id="n13_ycfw" name="m010" src="ycfwd" xy="43,967" visible="false" touchable="false" grayed="true"/>
    <loader id="n54_qddr" name="n54" xy="0,1500" size="422,750" url="https://ys2.yccdlwl.com/images/m003.jpg"/>
    <component id="n14_ycfw" name="m011" src="ycfwd" xy="138,1114" visible="false" touchable="false" grayed="true"/>
    <component id="n15_ycfw" name="m012" src="ycfwd" xy="333,1218" visible="false" touchable="false" grayed="true"/>
    <component id="n16_ycfw" name="m013" src="ycfwd" xy="163,1297" visible="false" touchable="false" grayed="true"/>
    <component id="n17_ycfw" name="m014" src="ycfwd" xy="18,1426" visible="false" touchable="false" grayed="true"/>
    <component id="n18_ycfw" name="m015" src="ycfwd" xy="204,1475" visible="false" grayed="true"/>
    <component id="n19_ycfw" name="m017" src="ycfwd" xy="48,1671" visible="false" grayed="true"/>
    <component id="n20_ycfw" name="m016" src="ycfwd" xy="282,1635" visible="false" grayed="true"/>
    <component id="n21_ycfw" name="m018" src="ycfwd" xy="166,1811" visible="false" grayed="true"/>
    <component id="n22_ycfw" name="m019" src="ycfwd" xy="337,1919" visible="false" grayed="true"/>
    <component id="n23_ycfw" name="m020" src="ycfwd" xy="169,1984" visible="false" grayed="true"/>
    <component id="n24_ycfw" name="m021" src="ycfwd" xy="53,2113" visible="false" grayed="true"/>
    <component id="n25_ycfw" name="m022" src="ycfwd" xy="266,2147" visible="false" grayed="true"/>
    <component id="n26_ycfw" name="m023" src="ycfwd" xy="191,2286" visible="false" grayed="true"/>
    <component id="n27_ycfw" name="m024" src="ycfwd" xy="104,2428" visible="false" grayed="true"/>
    <component id="n28_ycfw" name="m025" src="ycfwd" xy="331,2478" visible="false" grayed="true"/>
    <component id="n29_ycfw" name="m026" src="ycfwd" xy="192,2571" visible="false" grayed="true"/>
    <component id="n30_ycfw" name="m027" src="ycfwd" xy="55,2699" visible="false" grayed="true"/>
    <component id="n31_ycfw" name="m028" src="ycfwd" xy="291,2730" visible="false" grayed="true"/>
    <component id="n32_ycfw" name="m029" src="ycfwd" xy="183,2869" visible="false" grayed="true"/>
    <component id="n33_ycfw" name="m030" src="ycfwd" xy="1,2936" visible="false" grayed="true"/>
    <component id="n34_ycfw" name="m031" src="ycfwd" xy="115,3023" visible="false" grayed="true"/>
    <component id="n35_ycfw" name="m032" src="ycfwd" xy="269,3050" visible="false" grayed="true"/>
    <loader id="n55_qddr" name="n55" xy="0,2250" size="422,954" url="https://ys2.yccdlwl.com/images/m004.jpg"/>
  </displayList>
</component>