<component size="85,85">
  <controller name="c1" pages="0,1,1,2,2,3,3,4" selected="3"/>
  <controller name="c2" pages="0,,1," selected="0"/>
  <displayList>
    <loader id="n10_ii62" name="icon" xy="0,1" size="86,86" grayed="true" url="ui://y1w8mpywp8vx1n">
      <gearLook controller="c2" pages="1" values="1,0,0,1" default="1,0,1,1"/>
    </loader>
    <graph id="n4_p8vx" name="n4" xy="9,56" size="68,23" type="rect" lineSize="0" fillColor="#94000000"/>
    <text id="n5_p8vx" name="title" xy="7,56" size="74,29" font="微软雅黑" fontSize="16" color="#ffffff" align="center" autoSize="none" bold="true" strokeColor="#000000" text="减少造价"/>
    <image id="n6_p8vx" name="n6" src="krxqf" xy="6,6" scale="0.45,0.45" grayed="true">
      <gearDisplay controller="c1" pages="0,1,2,3"/>
      <gearLook controller="c2" pages="0" values="1,0,1,1" default="1,0,0,1"/>
    </image>
    <image id="n7_p8vx" name="n7" src="krxqf" xy="24,6" scale="0.45,0.45" grayed="true">
      <gearDisplay controller="c1" pages="1,2,3"/>
      <gearLook controller="c2" pages="0" values="1,0,1,1" default="1,0,0,1"/>
    </image>
    <image id="n8_p8vx" name="n8" src="krxqf" xy="42,6" scale="0.45,0.45" grayed="true">
      <gearDisplay controller="c1" pages="2,3"/>
      <gearLook controller="c2" pages="0" values="1,0,1,1" default="1,0,0,1"/>
    </image>
    <image id="n9_p8vx" name="n9" src="krxqf" xy="60,6" scale="0.45,0.45" grayed="true">
      <gearDisplay controller="c1" pages="3"/>
      <gearLook controller="c2" pages="0" values="1,0,1,1" default="1,0,0,1"/>
    </image>
  </displayList>
</component>