<component size="85,85">
  <displayList>
    <image id="n6_7zsz" name="n6" src="7zszt50" xy="8,8">
      <relation target="" sidePair="width-width%,height-height%"/>
    </image>
    <loader id="n7_r405" name="n7" xy="6,7" size="76,74" url="ui://y1w8mpywr405t57" align="center" vAlign="middle">
      <relation target="" sidePair="width-width%,height-height%"/>
    </loader>
    <image id="n5_7zsz" name="n5" src="7zszt4z" xy="0,0">
      <relation target="" sidePair="width-width%,height-height"/>
    </image>
  </displayList>
</component>