<component size="61,237" overflow="hidden">
  <displayList>
    <graph id="n32_jah4" name="n32" xy="7,0" size="46,238" type="rect" lineSize="0" fillColor="#94000000" corner="20"/>
    <component id="n48_r405" name="n48" src="r405t56" xy="0,3" group="n50_r405" scale="0.7,0.7"/>
    <graph id="n44_jah4" name="n44" xy="34,41" size="22,22" group="n50_r405" type="eclipse" lineSize="0" fillColor="#99000000"/>
    <text id="n45_jah4" name="n45" xy="35,42" size="21,24" group="n50_r405" fontSize="14" color="#ffffff" text="99"/>
    <component id="n47_r405" name="n47" src="r405t56" xy="0,62" group="n50_r405" scale="0.7,0.7"/>
    <component id="n49_r405" name="n49" src="r405t56" xy="0,123" group="n50_r405" scale="0.7,0.7"/>
    <group id="n50_r405" name="n50" xy="0,3" size="85,205" advanced="true"/>
  </displayList>
  <transition name="t0">
    <item time="0" type="XY" target="n32_jah4" tween="true" startValue="7,0" endValue="7,233" duration="6"/>
    <item time="0" type="XY" target="n50_r405" tween="true" startValue="0,3" endValue="0,239" duration="6"/>
  </transition>
  <transition name="t1">
    <item time="0" type="XY" target="n32_jah4" tween="true" startValue="7,233" endValue="7,0" duration="6"/>
    <item time="0" type="XY" target="n50_r405" tween="true" startValue="0,239" endValue="0,3" duration="6"/>
  </transition>
</component>