<component size="85,85" extention="ProgressBar">
  <controller name="c1" pages="0,up,1,down" selected="0"/>
  <displayList>
    <image id="n1" name="n1" src="rccvt4n" xy="0,0">
      <gearDisplay controller="c1" pages="0,2"/>
      <relation target="" sidePair="width-width,height-height"/>
    </image>
    <image id="n2" name="n2" src="rccvt4n" xy="-5,-5" scale="1.1,1.1" filter="color" filterData="0.18,0.00,0.00,0.00">
      <gearDisplay controller="c1" pages="1,3"/>
      <relation target="" sidePair="width-width,height-height"/>
    </image>
    <graph id="n3_9xyo" name="bar_v" xy="9,8" size="69,71" type="rect" lineSize="0" fillColor="#a6333333"/>
    <text id="n4_9xyo" name="tm" xy="18,33" size="49,19" visible="false" fontSize="17" color="#ffffff" align="center" autoSize="none" strokeColor="#000000" text="00:00"/>
    <image id="n5_nhvf" name="n5" src="nhvft4p" xy="0,-1"/>
  </displayList>
  <ProgressBar/>
</component>