<component size="80,108">
  <controller name="c1" pages="0,能进,1,不能进,2,已通关" selected="0"/>
  <controller name="c2" pages="0,无星,1,1星,2,2星,3,3星" selected="0"/>
  <displayList>
    <component id="n4_ycfw" name="n4" src="ycfwc" xy="4,52" grayed="true">
      <gearDisplay controller="c1" pages="1"/>
    </component>
    <component id="n5_krxq" name="n5" src="ycfwc" xy="4,52">
      <gearDisplay controller="c1" pages="0"/>
    </component>
    <component id="n7_krxq" name="n7" src="krxqe" xy="-1,3">
      <gearDisplay controller="c1" pages="2"/>
    </component>
    <image id="n8_krxq" name="n8" src="krxqf" xy="34,-16" pivot="0.5,0.5" anchor="true" scale="0.6,0.6">
      <gearDisplay controller="c2" pages="2,3"/>
    </image>
    <image id="n9_krxq" name="n9" src="krxqf" xy="4,-6" pivot="0.5,0.5" anchor="true" scale="0.6,0.6">
      <gearDisplay controller="c2" pages="1,2,3"/>
    </image>
    <image id="n10_krxq" name="n10" src="krxqf" xy="64,-6" pivot="0.5,0.5" anchor="true" scale="0.6,0.6">
      <gearDisplay controller="c2" pages="3"/>
    </image>
  </displayList>
  <transition name="t0">
    <item time="0" type="ColorFilter" target="n9_krxq" tween="true" startValue="0.00,0.00,0.00,0.00" endValue="0.43,0.00,0.00,0.00" duration="4"/>
    <item time="0" type="Scale" target="n9_krxq" tween="true" startValue="0.6,0.6" endValue="0.8,0.8" duration="13"/>
    <item time="13" type="Scale" target="n9_krxq" tween="true" startValue="0.8,0.8" endValue="0.6,0.6" duration="8"/>
    <item time="14" type="ColorFilter" target="n9_krxq" tween="true" startValue="0.43,0.00,0.00,0.00" endValue="0.00,0.00,0.00,0.00" duration="7"/>
  </transition>
  <transition name="t1">
    <item time="0" type="ColorFilter" target="n8_krxq" tween="true" startValue="0.00,0.00,0.00,0.00" endValue="0.43,0.00,0.00,0.00" duration="4"/>
    <item time="0" type="Scale" target="n8_krxq" tween="true" startValue="0.6,0.6" endValue="0.8,0.8" duration="13"/>
    <item time="13" type="Scale" target="n8_krxq" tween="true" startValue="0.8,0.8" endValue="0.6,0.6" duration="8"/>
    <item time="14" type="ColorFilter" target="n8_krxq" tween="true" startValue="0.43,0.00,0.00,0.00" endValue="0.00,0.00,0.00,0.00" duration="7"/>
  </transition>
  <transition name="t2">
    <item time="0" type="ColorFilter" target="n10_krxq" tween="true" startValue="0.00,0.00,0.00,0.00" endValue="0.43,0.00,0.00,0.00" duration="4"/>
    <item time="0" type="Scale" target="n10_krxq" tween="true" startValue="0.6,0.6" endValue="0.8,0.8" duration="13"/>
    <item time="13" type="Scale" target="n10_krxq" tween="true" startValue="0.8,0.8" endValue="0.6,0.6" duration="8"/>
    <item time="14" type="ColorFilter" target="n10_krxq" tween="true" startValue="0.43,0.00,0.00,0.00" endValue="0.00,0.00,0.00,0.00" duration="7"/>
  </transition>
</component>