<component size="422,750" overflow="hidden">
  <displayList>
    <component id="n47_gvl2" name="n47" src="okx420" xy="0,0"/>
    <image id="n1_ycfw" name="n1" src="ycfw9" xy="19,3" size="512,136" scale="0.75,0.75">
      <relation target="" sidePair="top-top%,center-center"/>
    </image>
    <image id="n51_ficz" name="n51" src="ficz32" xy="159,70" group="n59_mig8"/>
    <text id="n52_ficz" name="n52" xy="156,93" size="97,35" group="n59_mig8" font="微软雅黑" fontSize="24" color="#ffff00" align="center" autoSize="none" bold="true" strokeColor="#660000" text="1000"/>
    <group id="n59_mig8" name="n59" xy="156,70" size="97,58" advanced="true">
      <relation target="n1_ycfw" sidePair="top-top"/>
    </group>
    <graph id="n50_gkuz" name="n50" xy="0,653" size="422,98" group="n60_mig8" touchable="false" type="rect" lineSize="0" fillColor="#80000000"/>
    <component id="n45_z4ak" name="n45" src="z4akr" xy="239,667" group="n60_mig8" scale="0.8,0.8"/>
    <component id="n49_gkuz" name="n49" src="gkuz2f" xy="330,667" group="n60_mig8" scale="0.8,0.8"/>
    <component id="n53_ficz" name="n53" src="ficz34" xy="147,667" group="n60_mig8" scale="0.8,0.8"/>
    <component id="n62_vq7y" name="n62" src="vq7yt4s" xy="18,667" group="n60_mig8" scale="0.8,0.8" filter="color" filterData="0.00,0.00,0.00,1.00"/>
    <group id="n60_mig8" name="n60" xy="0,653" size="425,105" advanced="true">
      <relation target="" sidePair="top-top%"/>
    </group>
  </displayList>
</component>