<component size="422,750">
  <controller name="c1" pages="0,普通,1,困难,2,白金" selected="2"/>
  <controller name="c2" pages="0,,1," selected="1"/>
  <displayList>
    <graph id="n52_ej3s" name="n52" xy="0,0" size="422,750" type="rect" lineSize="0" fillColor="#6b000000">
      <relation target="" sidePair="width-width,height-height"/>
    </graph>
    <image id="n40_z4ak" name="n40" src="z4akg" xy="0,186" size="420,393" group="n51_ej3s"/>
    <text id="n41_z4ak" name="n41" xy="39,221" size="341,31" group="n51_ej3s" font="微软雅黑" fontSize="20" color="#663300" align="center" autoSize="none" strokeColor="#ffffff" text="第1关 阳光海滩"/>
    <text id="n42_z4ak" name="n42" xy="39,263" size="342,74" group="n51_ej3s" font="微软雅黑" fontSize="18" color="#333333" autoSize="none" strokeColor="#ffffff" text="充满阳光气氛的海滩，充满阳光气氛的海滩，充满阳光气氛的海滩，充满阳光气氛的海滩，"/>
    <text id="n43_z4ak" name="n43" xy="110,355" size="113,31" group="n51_ej3s" font="微软雅黑" fontSize="20" color="#cc6600" align="right" autoSize="none" strokeColor="#ffffff" text="怪物波数："/>
    <text id="n44_z4ak" name="n44" xy="230,355" size="85,31" group="n51_ej3s" font="微软雅黑" fontSize="20" color="#cc6600" autoSize="none" strokeColor="#ffffff" text="99"/>
    <text id="n54_dlmd" name="n54" xy="101,495" size="221,32" group="n51_ej3s" font="微软雅黑" fontSize="21" color="#ff0000" align="center" autoSize="none" strokeColor="#ffffff" text="请先通关上一难度"/>
    <component id="n45_z4ak" name="n45" src="ycfw5" xy="82,475" pivot="0.5,0.5" size="234,72" group="n51_ej3s">
      <Button title="开始战斗"/>
    </component>
    <component id="n46_z4ak" name="n46" src="z4akk" xy="358,178" group="n51_ej3s"/>
    <component id="n48_vg96" name="n48" src="vg9628" xy="43,395" group="n51_ej3s">
      <Button controller="c1" page="0"/>
    </component>
    <component id="n49_vg96" name="n49" src="vg9629" xy="170,395" group="n51_ej3s">
      <Button controller="c1" page="1"/>
    </component>
    <component id="n50_vg96" name="n50" src="vg962a" xy="297,393" group="n51_ej3s">
      <Button checked="true" controller="c1" page="2"/>
    </component>
    <group id="n51_ej3s" name="n51" xy="0,178" size="420,401" advanced="true">
      <gearDisplay controller="c2" pages="1"/>
      <relation target="" sidePair="middle-middle,center-center"/>
    </group>
    <text id="n53_d3c6" name="n53" xy="87,315" size="249,26" font="微软雅黑" fontSize="18" color="#ffffff" align="center" autoSize="none" strokeColor="#000000" text="加载中...">
      <gearDisplay controller="c2" pages="0"/>
    </text>
  </displayList>
</component>