{
    "name": "第一关 阳光海滩",
    "info": "充满阳光气氛的海滩,在大祭司娜娜的守护下呈现一片安逸祥和,这里是魔王复苏之后还能保持安逸的少有的乐土。",
    "gold": 300,
    "ddb": 100,
    "data": [
        {
            "id": 1,
            "cfg": [
                {
                    "x": 314,
                    "y": 69,
                    "t": 0
                }
            ],
            "list": [
                [
                    {
                        "count": 8,
                        "hp": 20,
                        "period": 1.8,
                        "id": "dw001",
                        "gold": 10
                    }
                ]
            ]
        },
        {
            "id": 2,
            "cfg": [
                {
                    "x": 314,
                    "y": 69,
                    "t": 0
                }
            ],
            "list": [
                [
                    {
                        "count": 8,
                        "hp": 30,
                        "period": 1.8,
                        "id": "dw002",
                        "gold": 10
                    }
                ]
            ]
        },
        {
            "id": 3,
            "cfg": [
                {
                    "x": 314,
                    "y": 69,
                    "t": 0
                }
            ],
            "list": [
                [
                    {
                        "count": 8,
                        "hp": 40,
                        "period": 1.8,
                        "id": "dw003",
                        "gold": 10
                    }
                ]
            ]
        },
        {
            "id": 4,
            "cfg": [
                {
                    "x": 314,
                    "y": 69,
                    "t": 0
                }
            ],
            "list": [
                [
                    {
                        "count": 8,
                        "hp": 60,
                        "period": 1.8,
                        "id": "dw004",
                        "gold": 10
                    }
                ]
            ]
        },
        {
            "id": 5,
            "cfg": [
                {
                    "x": 314,
                    "y": 69,
                    "t": 0
                }
            ],
            "list": [
                [
                    {
                        "count": 1,
                        "hp": 300,
                        "period": 1.8,
                        "id": "dw006",
                        "gold": 10,
                        "dh":5
                    }
                ]
            ]
        }
    ],
    "home": {
        "x": 362.85,
        "y": 716
    },
    "bg": "level1_png",
    "tdb": [
        {
            "x": 85.2,
            "y": 163.25
        },
        {
            "x": 186.15,
            "y": 256.8
        },
        {
            "x": 133,
            "y": 598.35
        },
        {
            "x": 327.85,
            "y": 188.3
        },
        {
            "x": 254.35,
            "y": 385.7
        },
        {
            "x": 286.2,
            "y": 592.8
        }
    ],
    "res": [
        "level1_png",
        "guai_json",
        "guai_png",
        "ta_json",
        "ta_png",
        "tower_json",
        "intro",        
        "c001_png",
        "c002_png",
        "c003_png",
        "c004_png",
        "c005_png",
        "c006_png",
        "c007_png"
    ],
    "path": [
        [
            {
                "x": 389.5,
                "y": 130.7
            },
            {
                "x": 156.4,
                "y": 158.2
            },
            {
                "x": 110.1,
                "y": 290.2
            },
            {
                "x": 324.3,
                "y": 301.85
            },
            {
                "x": 318.2,
                "y": 451.95
            },
            {
                "x": 65.85,
                "y": 469.35
            },
            {
                "x": 70.65,
                "y": 655.75
            },
            {
                "x": 362.9,
                "y": 654
            },
            {
                "x": 368.85,
                "y": 733
            }
        ],
        []
    ],
    "id": "m001"
}