{
    "name": "第八关 无尽雪山",
    "info": "通往魔王洞窟的必经之路，但人们不明白的是为什么会有雪怪在这里出没。殊不知，在这秘密的背后有一个凄美的传说。",
    "gold": 300,
    "ddb": 170,
    "home": {
        "x": 382.7,
        "y": 721.1
    },
    "data": [
        {
            "id": 1,
            "cfg": [
                {
                    "x": 220,
                    "y": 39,
                    "t": 2
                }
            ],
            "list": [
                [
                    {
                        "count": 8,
                        "hp": 20,
                        "period": 1.8,
                        "id": "dw007",
                        "gold": 20
                    }
                ]
            ]
        },
        {
            "id": 2,
            "cfg": [
                {
                    "x": 220,
                    "y": 39,
                    "t": 2
                }
            ],
            "list": [
                [
                    {
                        "count": 8,
                        "hp": 30,
                        "period": 1.8,
                        "id": "dw008",
                        "gold": 20
                    }
                ]
            ]
        },
        {
            "id": 3,
            "cfg": [
                {
                    "x": 220,
                    "y": 39,
                    "t": 2
                }
            ],
            "list": [
                [
                    {
                        "count": 8,
                        "hp": 40,
                        "period": 1.8,
                        "id": "dw009",
                        "gold": 20
                    }
                ]
            ]
        },
        {
            "id": 4,
            "cfg": [
                {
                    "x": 220,
                    "y": 39,
                    "t": 2
                }
            ],
            "list": [
                [
                    {
                        "count": 8,
                        "hp": 60,
                        "period": 1.8,
                        "id": "dw010",
                        "gold": 20
                    }
                ]
            ]
        },
        {
            "id": 5,
            "cfg": [
                {
                    "x": 220,
                    "y": 39,
                    "t": 2
                }
            ],
            "list": [
                [
                    {
                        "count": 8,
                        "hp": 400,
                        "period": 1.8,
                        "id": "dw011",
                        "gold": 20
                    }
                ]
            ]
        },
        {
            "id": 6,
            "cfg": [
                {
                    "x": 220,
                    "y": 39,
                    "t": 2
                }
            ],
            "list": [
                [
                    {
                        "count": 8,
                        "hp": 70,
                        "period": 1.8,
                        "id": "dw012",
                        "gold": 20
                    }
                ]
            ]
        },
        {
            "id": 7,
            "cfg": [
                {
                    "x": 220,
                    "y": 39,
                    "t": 2
                }
            ],
            "list": [
                [
                    {
                        "count": 8,
                        "hp": 80,
                        "period": 1.8,
                        "id": "dw013",
                        "gold": 20
                    }
                ]
            ]
        },
        {
            "id": 8,
            "cfg": [
                {
                    "x": 220,
                    "y": 39,
                    "t": 2
                }
            ],
            "list": [
                [
                    {
                        "count": 8,
                        "hp": 90,
                        "period": 1.8,
                        "id": "dw014",
                        "gold": 20
                    }
                ]
            ]
        },
        {
            "id": 9,
            "cfg": [
                {
                    "x": 220,
                    "y": 39,
                    "t": 2
                }
            ],
            "list": [
                [
                    {
                        "count": 1,
                        "hp": 600,
                        "period": 1.8,
                        "id": "dw015",
                        "gold": 100,
						"dh":5
                    }
                ]
            ]
        },
        {
            "id": 10,
            "cfg": [
                {
                    "x": 220,
                    "y": 39,
                    "t": 2
                }
            ],
            "list": [
                [
                    {
                        "count": 8,
                        "hp": 110,
                        "period": 1.8,
                        "id": "dw016",
                        "gold": 20
                    }
                ]
            ]
        },
        {
            "id": 11,
            "cfg": [
                {
                    "x": 220,
                    "y": 39,
                    "t": 2
                }
            ],
            "list": [
                [
                    {
                        "count": 8,
                        "hp": 120,
                        "period": 1.8,
                        "id": "dw017",
                        "gold": 20
                    }
                ]
            ]
        },
        {
            "id": 12,
            "cfg": [
                {
                    "x": 220,
                    "y": 39,
                    "t": 2
                }
            ],
            "list": [
                [
                    {
                        "count": 1,
                        "hp": 700,
                        "period": 1.8,
                        "id": "dw018",
                        "gold": 100,
						"dh":5
                    }
                ]
            ]
        },
        {
            "id": 13,
            "cfg": [
                {
                    "x": 220,
                    "y": 39,
                    "t": 2
                }
            ],
            "list": [
                [
                    {
                        "count": 8,
                        "hp": 140,
                        "period": 1.8,
                        "id": "dm001",
                        "gold": 20
                    }
                ]
            ]
        },
        {
            "id": 14,
            "cfg": [
                {
                    "x": 220,
                    "y": 39,
                    "t": 2
                }
            ],
            "list": [
                [
                    {
                        "count": 8,
                        "hp": 150,
                        "period": 1.8,
                        "id": "dm002",
                        "gold": 20
                    }
                ]
            ]
        },
        {
            "id": 15,
            "cfg": [
                {
                    "x": 220,
                    "y": 39,
                    "t": 2
                }
            ],
            "list": [
                [
                    {
                        "count": 1,
                        "hp": 900,
                        "period": 1.8,
                        "id": "dm003",
                        "gold": 100
                    }
                ]
            ]
        }
    ],
    "base": [],
    "res": [
        "level8_png",
        "guai_json",
        "guai_png",
        "ta_json",
        "ta_png"
    ],
    "path": [
        [
            {
                "x": 275,
                "y": 23
            },
            {
                "x": 284,
                "y": 169
            },
            {
                "x": 84,
                "y": 181
            },
            {
                "x": 78,
                "y": 498
            },
            {
                "x": 231,
                "y": 487
            },
            {
                "x": 233,
                "y": 383
            },
            {
                "x": 375,
                "y": 379
            },
            {
                "x": 377,
                "y": 734
            }
        ],
        []
    ],
    "id": "m008",
    "tdb": [
        {
            "x": 210,
            "y": 132
        },
        {
            "x": 155,
            "y": 246
        },
        {
            "x": 328,
            "y": 316
        },
        {
            "x": 154,
            "y": 418
        },
        {
            "x": 300,
            "y": 447
        },
        {
            "x": 308,
            "y": 609
        }
    ],
    "bg": "level8_png"
}