{
    "name": "第五关 无人荒漠",
    "info": "亚丁城边防区域，人迹罕至，周围散布着绿洲，到处半羊人出没。",
    "gold": 300,
    "ddb": 140,
    "data": [
        {
            "id": 1,
            "cfg": [
                {
                    "x": 310,
                    "y": 50,
                    "t": 0
                }
            ],
            "list": [
                [
                    {
                        "count": 8,
                        "hp": 20,
                        "period": 1.8,
                        "id": "dw004",
                        "gold": 20
                    }
                ]
            ]
        },
        {
            "id": 2,
            "cfg": [
                {
                    "x": 314,
                    "y": 69,
                    "t": 0
                }
            ],
            "list": [
                [
                    {
                        "count": 8,
                        "hp": 30,
                        "period": 1.8,
                        "id": "dw005",
                        "gold": 20
                    }
                ]
            ]
        },
        {
            "id": 3,
            "cfg": [
                {
                    "x": 314,
                    "y": 69,
                    "t": 0
                }
            ],
            "list": [
                [
                    {
                        "count": 8,
                        "hp": 40,
                        "period": 1.8,
                        "id": "dw006",
                        "gold": 20
                    }
                ]
            ]
        },
        {
            "id": 4,
            "cfg": [
                {
                    "x": 314,
                    "y": 69,
                    "t": 0
                }
            ],
            "list": [
                [
                    {
                        "count": 6,
                        "hp": 50,
                        "period": 1.8,
                        "id": "kw004",
                        "gold": 20
                    }
                ]
            ]
        },
        {
            "id": 5,
            "cfg": [
                {
                    "x": 314,
                    "y": 69,
                    "t": 0
                }
            ],
            "list": [
                [
                    {
                        "count": 8,
                        "hp": 60,
                        "period": 1.8,
                        "id": "dw007",
                        "gold": 20
                    }
                ]
            ]
        },
        {
            "id": 6,
            "cfg": [
                {
                    "x": 314,
                    "y": 69,
                    "t": 2
                }
            ],
            "list": [
                [
                    {
                        "count": 8,
                        "hp": 70,
                        "period": 1.8,
                        "id": "dw008",
                        "gold": 20
                    }
                ]
            ]
        },
        {
            "id": 7,
            "cfg": [
                {
                    "x": 314,
                    "y": 69,
                    "t": 2
                }
            ],
            "list": [
                [
                    {
                        "count": 1,
                        "hp": 600,
                        "period": 1.8,
                        "id": "dw009",
                        "gold": 100,
						"dh":5
                    }
                ]
            ]
        },
        {
            "id": 8,
            "cfg": [
                {
                    "x": 314,
                    "y": 69,
                    "t": 2
                }
            ],
            "list": [
                [
                    {
                        "count": 6,
                        "hp": 90,
                        "period": 1.8,
                        "id": "kw005",
                        "gold": 20
                    }
                ]
            ]
        },
        {
            "id": 9,
            "cfg": [
                {
                    "x": 314,
                    "y": 69,
                    "t": 2
                }
            ],
            "list": [
                [
                    {
                        "count": 8,
                        "hp": 100,
                        "period": 1.8,
                        "id": "dw010",
                        "gold": 20
                    }
                ]
            ]
        },
        {
            "id": 10,
            "cfg": [
                {
                    "x": 314,
                    "y": 69,
                    "t": 2
                }
            ],
            "list": [
                [
                    {
                        "count": 8,
                        "hp": 110,
                        "period": 1.8,
                        "id": "dw011",
                        "gold": 20
                    }
                ]
            ]
        },
        {
            "id": 11,
            "cfg": [
                {
                    "x": 314,
                    "y": 69,
                    "t": 2
                }
            ],
            "list": [
                [
                    {
                        "count": 6,
                        "hp": 120,
                        "period": 1.8,
                        "id": "kw006",
                        "gold": 20
                    }
                ]
            ]
        },
        {
            "id": 12,
            "cfg": [
                {
                    "x": 314,
                    "y": 69,
                    "t": 2
                }
            ],
            "list": [
                [
                    {
                        "count": 6,
                        "hp": 130,
                        "period": 1.8,
                        "id": "kw001",
                        "gold": 20
                    }
                ]
            ]
        },
        {
            "id": 13,
            "cfg": [
                {
                    "x": 314,
                    "y": 69,
                    "t": 2
                }
            ],
            "list": [
                [
                    {
                        "count": 6,
                        "hp": 140,
                        "period": 1.8,
                        "id": "kw002",
                        "gold": 20
                    }
                ]
            ]
        },
        {
            "id": 14,
            "cfg": [
                {
                    "x": 314,
                    "y": 69,
                    "t": 2
                }
            ],
            "list": [
                [
                    {
                        "count": 1,
                        "hp": 600,
                        "period": 1.8,
                        "id": "dw012",
                        "gold": 100,
						"dh":5
                    }
                ]
            ]
        }
    ],
    "base": [],
    "path": [
        [
            {
                "x": 411,
                "y": 97
            },
            {
                "x": 220,
                "y": 106
            },
            {
                "x": 184,
                "y": 134
            },
            {
                "x": 73,
                "y": 156
            },
            {
                "x": 84,
                "y": 224
            },
            {
                "x": 337,
                "y": 228
            },
            {
                "x": 315,
                "y": 310
            },
            {
                "x": 154,
                "y": 317
            },
            {
                "x": 159,
                "y": 547
            },
            {
                "x": 284,
                "y": 560
            },
            {
                "x": 274,
                "y": 672
            },
            {
                "x": 78,
                "y": 679
            },
            {
                "x": 77,
                "y": 741
            }
        ],
        []
    ],
    "id": "m005",
    "res": [
        "level5_png",
        "guai_json",
        "guai_png",
        "ta_json",
        "ta_png"
    ],
    "bg": "level5_png",
    "home": {
        "x": 122.7,
        "y": 721.1
    },
    "tdb": [
        {
            "x": 160,
            "y": 186
        },
        {
            "x": 273,
            "y": 364
        },
        {
            "x": 327,
            "y": 163
        },
        {
            "x": 88,
            "y": 377
        },
        {
            "x": 221,
            "y": 621
        },
        {
            "x": 91,
            "y": 552
        }
    ]
}