{
    "name": "第六关 死寂沙漠",
    "info": "干旱、炎热肆虐着这片土地，到处都是些巨龙遗骸。蒸腾的温度令人窒息，使人想起了这里本就是上古战场。",
    "gold": 300,
    "ddb": 150,
    "data": [
        {
            "id": 1,
            "cfg": [
                {
                    "x": 314,
                    "y": 69,
                    "t": 0
                }
            ],
            "list": [
                [
                    {
                       "count": 6,
                        "hp": 20,
                        "period": 1.8,
                        "id": "kw001",
                        "gold": 20
                    }
                ]
            ]
        },
        {
            "id": 2,
            "cfg": [
                {
                    "x": 314,
                    "y": 69,
                    "t": 0
                }
            ],
            "list": [
                [
                    {
                       "count": 6,
                        "hp": 30,
                        "period": 1.8,
                        "id": "kw002",
                        "gold": 20
                    }
                ]
            ]
        },
        {
            "id": 3,
            "cfg": [
                {
                    "x": 314,
                    "y": 69,
                    "t": 0
                }
            ],
            "list": [
                [
                    {
                       "count": 6,
                        "hp": 40,
                        "period": 1.8,
                        "id": "kw003",
                        "gold": 20
                    }
                ]
            ]
        },
        {
            "id": 4,
            "cfg": [
                {
                    "x": 314,
                    "y": 69,
                    "t": 0
                }
            ],
            "list": [
                [
                    {
                       "count": 8,
                        "hp": 50,
                        "period": 1.8,
                        "id": "dw007",
                        "gold": 20
                    }
                ]
            ]
        },
        {
            "id": 5,
            "cfg": [
                {
                    "x": 314,
                    "y": 69,
                    "t": 0
                }
            ],
            "list": [
                [
                    {
                        "count": 8,
                        "hp": 60,
                        "period": 1.8,
                        "id": "dw008",
                        "gold": 20
                    }
                ]
            ]
        },
        {
            "id": 6,
            "cfg": [
                {
                    "x": 314,
                    "y": 69,
                    "t": 2
                }
            ],
            "list": [
                [
                    {
                       "count": 1,
                        "hp": 500,
                        "period": 1.8,
                        "id": "dw009",
                        "gold": 20,
						"dh":5
                    }
                ]
            ]
        },
        {
            "id": 7,
            "cfg": [
                {
                    "x": 314,
                    "y": 69,
                    "t": 2
                }
            ],
            "list": [
                [
                    {
                       "count": 6,
                        "hp": 80,
                        "period": 1.8,
                        "id": "kw004",
                        "gold": 20
                    }
                ]
            ]
        },
        {
            "id": 8,
            "cfg": [
                {
                    "x": 314,
                    "y": 69,
                    "t": 0
                }
            ],
            "list": [
                [
                    {
                       "count": 6,
                        "hp": 90,
                        "period": 1.8,
                        "id": "kw005",
                        "gold": 20
                    }
                ]
            ]
        },
        {
            "id": 9,
            "cfg": [
                {
                    "x": 314,
                    "y": 69,
                    "t": 0
                }
            ],
            "list": [
                [
                    {
                       "count": 6,
                        "hp": 100,
                        "period": 1.8,
                        "id": "kw006",
                        "gold": 20
                    }
                ]
            ]
        },
        {
            "id": 10,
            "cfg": [
                {
                    "x": 314,
                    "y": 69,
                    "t": 0
                }
            ],
            "list": [
                [
                    {
                       "count": 8,
                        "hp": 110,
                        "period": 1.8,
                        "id": "dw010",
                        "gold": 20
                    }
                ]
            ]
        },
        {
            "id": 11,
            "cfg": [
                {
                    "x": 314,
                    "y": 69,
                    "t": 0
                }
            ],
            "list": [
                [
                    {
                       "count": 8,
                        "hp": 120,
                        "period": 1.8,
                        "id": "dw011",
                        "gold": 20
                    }
                ]
            ]
        },
        {
            "id": 12,
            "cfg": [
                {
                    "x": 314,
                    "y": 69,
                    "t": 0
                }
            ],
            "list": [
                [
                    {
                       "count": 8,
                        "hp": 130,
                        "period": 1.8,
                        "id": "dw012",
                        "gold": 20
                    }
                ]
            ]
        },
        {
            "id": 13,
            "cfg": [
                {
                    "x": 314,
                    "y": 69,
                    "t": 0
                }
            ],
            "list": [
                [
                    {
                       "count": 8,
                        "hp": 140,
                        "period": 1.8,
                        "id": "dw013",
                        "gold": 20
                    }
                ]
            ]
        },
        {
            "id": 14,
            "cfg": [
                {
                    "x": 314,
                    "y": 69,
                    "t": 0
                }
            ],
            "list": [
                [
                    {
                       "count": 8,
                        "hp": 150,
                        "period": 1.8,
                        "id": "dw014",
                        "gold": 20
                    }
                ]
            ]
        },
        {
            "id": 15,
            "cfg": [
                {
                    "x": 314,
                    "y": 69,
                    "t": 0
                }
            ],
            "list": [
                [
                    {
                       "count": 1,
                        "hp": 700,
                        "period": 1.8,
                        "id": "dw015",
                        "gold": 100,
						"dh":5
                    }
                ]
            ]
        }
    ],
    "res": [
        "level6_png",
        "guai_json",
        "guai_png",
        "ta_json",
        "ta_png"
    ],
    "path": [
        [
            {
                "x": 404,
                "y": 228
            },
            {
                "x": 363,
                "y": 119
            },
            {
                "x": 67,
                "y": 121
            },
            {
                "x": 59,
                "y": 528
            },
            {
                "x": 277,
                "y": 518
            },
            {
                "x": 276,
                "y": 399
            },
            {
                "x": 148,
                "y": 383
            },
            {
                "x": 151,
                "y": 313
            },
            {
                "x": 381,
                "y": 309
            },
            {
                "x": 365,
                "y": 636
            },
            {
                "x": 57,
                "y": 660
            },
            {
                "x": 47,
                "y": 744
            }
        ],
        []
    ],
    "id": "m006",
    "tdb": [
        {
            "x": 172,
            "y": 256
        },
        {
            "x": 319,
            "y": 359
        },
        {
            "x": 310,
            "y": 178
        },
        {
            "x": 214,
            "y": 458
        },
        {
            "x": 116,
            "y": 582
        },
        {
            "x": 267,
            "y": 586
        }
    ],
    "bg": "level6_png",
    "base": [],
    "home": {
        "x": 60,
        "y": 721.1
    }
}