{
"mc": {
	"eBase": {
		"frameRate":24,
		"labels": [
		],
		"frames": [
			{"res":"eBase0000","x":-35,"y":-51}
		]
	},
	"eHome": {
		"frameRate":24,
		"labels": [
		],
		"frames": [
			{"res":"eHome0000","x":-80,"y":-58.5}
		]
	},
	"ghost": {
		"frameRate":24,
		"labels": [
		],
		"frames": [
			{"res":"ghost0000","x":-16,"y":-37,"duration":2}
		]
	},
	"gold": {
		"frameRate":24,
		"labels": [
		],
		"frames": [
			{"res":"gold0000","x":-10,"y":-19,"duration":2},
			{"res":"gold0002","x":-10,"y":-19,"duration":2},
			{"res":"gold0004","x":-10,"y":-19,"duration":2},
			{"res":"gold0006","x":-10,"y":-19,"duration":2},
			{"res":"gold0008","x":-10,"y":-19,"duration":2},
			{"res":"gold0010","x":-10,"y":-19,"duration":2}
		]
	},
	"sk1": {
		"frameRate":24,
		"labels": [
			{"name":"snd:fires;","frame":2},
			{"name":"snd:hitend;","frame":19}
		],
		"frames": [
			{"res":"sk10000","x":-55,"y":-191,"duration":2},
			{"res":"sk10002","x":-55,"y":-191,"duration":2},
			{"res":"sk10004","x":-55,"y":-191,"duration":2},
			{"res":"sk10006","x":-55,"y":-191,"duration":2},
			{"res":"sk10008","x":-55,"y":-191,"duration":2},
			{"res":"sk10010","x":-55,"y":-191,"duration":2},
			{"res":"sk10012","x":-55,"y":-191,"duration":2},
			{"res":"sk10014","x":-55,"y":-191,"duration":2},
			{"res":"sk10016","x":-55,"y":-191,"duration":2},
			{"res":"sk10018","x":-55,"y":-191,"duration":2},
			{"res":"sk10020","x":-55,"y":-191,"duration":2},
			{"res":"sk10022","x":-55,"y":-191,"duration":2}
		]
	},
	"sk2": {
		"frameRate":24,
		"labels": [
			{"name":"snd:hitend;","frame":8}
		],
		"frames": [
			{"res":"sk20000","x":-20,"y":-154,"duration":2},
			{"res":"sk20002","x":-20,"y":-154,"duration":2},
			{"res":"sk20004","x":-20,"y":-154,"duration":2},
			{"res":"sk20006","x":-20,"y":-154},
			{"res":"sk20007","x":-20,"y":-154},
			{"res":"sk20008","x":-20,"y":-154},
			{"res":"sk20009","x":-20,"y":-154},
			{"res":"sk20010","x":-20,"y":-154},
			{"res":"sk20011","x":-20,"y":-154}
		]
	}
},
"res": {
	"eBase0000":{"x":0,"y":0,"w":68,"h":64},
	"eHome0000":{"x":68,"y":0,"w":161,"h":117},
	"ghost0000":{"x":229,"y":0,"w":32,"h":36},
	"gold0000":{"x":261,"y":0,"w":19,"h":19},
	"gold0002":{"x":280,"y":0,"w":19,"h":19},
	"gold0004":{"x":299,"y":0,"w":19,"h":19},
	"gold0006":{"x":318,"y":0,"w":19,"h":19},
	"gold0008":{"x":337,"y":0,"w":19,"h":19},
	"gold0010":{"x":356,"y":0,"w":19,"h":19},
	"sk10000":{"x":375,"y":0,"w":199,"h":252},
	"sk10002":{"x":574,"y":0,"w":199,"h":252},
	"sk10004":{"x":773,"y":0,"w":199,"h":252},
	"sk10006":{"x":0,"y":252,"w":199,"h":252},
	"sk10008":{"x":199,"y":252,"w":199,"h":252},
	"sk10010":{"x":398,"y":252,"w":199,"h":252},
	"sk10012":{"x":597,"y":252,"w":199,"h":252},
	"sk10014":{"x":796,"y":252,"w":199,"h":252},
	"sk10016":{"x":0,"y":504,"w":199,"h":252},
	"sk10018":{"x":199,"y":504,"w":199,"h":252},
	"sk10020":{"x":398,"y":504,"w":199,"h":252},
	"sk10022":{"x":597,"y":504,"w":199,"h":252},
	"sk20000":{"x":796,"y":504,"w":40,"h":181},
	"sk20002":{"x":836,"y":504,"w":40,"h":181},
	"sk20004":{"x":876,"y":504,"w":40,"h":181},
	"sk20006":{"x":916,"y":504,"w":40,"h":181},
	"sk20007":{"x":956,"y":504,"w":40,"h":181},
	"sk20008":{"x":0,"y":756,"w":40,"h":181},
	"sk20009":{"x":40,"y":756,"w":40,"h":181},
	"sk20010":{"x":916,"y":504,"w":40,"h":181},
	"sk20011":{"x":40,"y":756,"w":40,"h":181}
}
}