<component size="422,750">
  <controller name="c1" pages="0,,1,,2," selected="2"/>
  <displayList>
    <graph id="n0_ltol" name="n0" xy="0,0" size="422,750" type="rect" lineSize="0" lineColor="#00000000"/>
    <loader id="n10_u244" name="n4" xy="0,0" size="421,746">
      <gearDisplay controller="c1" pages="2"/>
    </loader>
    <text id="n8_ltol" name="n8" xy="17,400" size="394,123" font="微软雅黑" fontSize="30" color="#ffffff" align="center" autoSize="none" strokeColor="#000000" shadowColor="#000000" shadowOffset="1,1" text="就这样，&#xA;我们的主角在异世界展开了&#xA;一段奇妙无比的魔幻历程！">
      <gearDisplay controller="c1" pages="2"/>
    </text>
    <text id="n9_mjx0" name="n9" xy="138,8" pivot="0.5,0.5" size="146,31" font="微软雅黑 Light" fontSize="20" color="#ffffff" autoSize="none" shadowColor="#333333" shadowOffset="1,1" text="点击屏幕继续"/>
    <loader id="n11_u244" name="n1" xy="0,0" size="425,258">
      <gearDisplay controller="c1" pages="0,1"/>
    </loader>
    <loader id="n12_u244" name="n2" xy="0,263" size="425,219">
      <gearDisplay controller="c1" pages="0,1"/>
      <gearXY controller="c1" pages="0,1" values="0,247|0,265" default="0,263"/>
    </loader>
    <loader id="n13_u244" name="n3" xy="0,492" size="425,227">
      <gearDisplay controller="c1" pages="0,1"/>
      <gearXY controller="c1" pages="0,1" values="0,524|0,493" default="0,492"/>
    </loader>
  </displayList>
  <transition name="t0" autoPlay="true" autoPlayRepeat="-1">
    <item time="0" type="XY" target="n9_mjx0" tween="true" startValue="138,8" endValue="138,6" duration="12"/>
    <item time="12" type="XY" target="n9_mjx0" tween="true" startValue="138,6" endValue="138,10" duration="24"/>
    <item time="36" type="XY" target="n9_mjx0" tween="true" startValue="138,10" endValue="138,8" duration="12"/>
  </transition>
</component>